technique_type,transitive_trace_type,direct_algebraic_model,transitive_algebraic_model,transitive_scaling,transitive_aggregation,technique_aggregation,ap,auc,lag,name,query_id
DIRECT,direct,LSI,NA,NA,NA,NA,0.7033612060577739,0.6848031269877096,188.48773006134968,(. (LSI NT) (0 2)),0
DIRECT,direct,VSM,NA,NA,NA,NA,0.7088872379186215,0.7009048566797299,178.40797546012269,(. (VSM NT) (0 2)),0
TRANSITIVE,lower,NA,LSI,INDEPENDENT,MAX,NA,0.9146149983226088,0.91619816566469,50.11349693251534,(x (MAX INDEPENDENT) ((. (LSI NT) (0 1)) (. (LSI T) (1 2)))),0
TRANSITIVE,lower,NA,LSI,GLOBAL,PCA,NA,0.8219250643829301,0.8610680796930463,83.08128834355828,(x (PCA GLOBAL) ((. (LSI NT) (0 1)) (. (LSI T) (1 2)))),0
TRANSITIVE,lower,NA,LSI,GLOBAL,SUM,NA,0.8953358953048527,0.9208096518045837,47.355828220858896,(x (SUM GLOBAL) ((. (LSI NT) (0 1)) (. (LSI T) (1 2)))),0
TRANSITIVE,lower,NA,LSI,GLOBAL,MAX,NA,0.9146149983226088,0.9161981656646901,50.11349693251534,(x (MAX GLOBAL) ((. (LSI NT) (0 1)) (. (LSI T) (1 2)))),0
TRANSITIVE,lower,NA,VSM,INDEPENDENT,PCA,NA,0.8529299382956981,0.8764439748035373,73.88650306748467,(x (PCA INDEPENDENT) ((. (VSM NT) (0 1)) (. (VSM T) (1 2)))),0
TRANSITIVE,lower,NA,VSM,INDEPENDENT,SUM,NA,0.919471339445425,0.9331334509715411,39.986196319018404,(x (SUM INDEPENDENT) ((. (VSM NT) (0 1)) (. (VSM T) (1 2)))),0
TRANSITIVE,lower,NA,VSM,INDEPENDENT,MAX,NA,0.9318569272923809,0.9309867246650388,41.26993865030675,(x (MAX INDEPENDENT) ((. (VSM NT) (0 1)) (. (VSM T) (1 2)))),0
TRANSITIVE,lower,NA,VSM,GLOBAL,PCA,NA,0.8529299382956981,0.8764439748035373,73.88650306748467,(x (PCA GLOBAL) ((. (VSM NT) (0 1)) (. (VSM T) (1 2)))),0
TRANSITIVE,lower,NA,VSM,GLOBAL,SUM,NA,0.919471339445425,0.9331334509715411,39.986196319018404,(x (SUM GLOBAL) ((. (VSM NT) (0 1)) (. (VSM T) (1 2)))),0
TRANSITIVE,lower,NA,VSM,GLOBAL,MAX,NA,0.9318569272923809,0.9309867246650388,41.26993865030675,(x (MAX GLOBAL) ((. (VSM NT) (0 1)) (. (VSM T) (1 2)))),0
TRANSITIVE,all,NA,LSI,INDEPENDENT,PCA,NA,1.0,1.0,0.0,(x (PCA INDEPENDENT) ((. (LSI T) (0 1)) (. (LSI T) (1 2)))),0
TRANSITIVE,all,NA,LSI,INDEPENDENT,SUM,NA,1.0,1.0,0.0,(x (SUM INDEPENDENT) ((. (LSI T) (0 1)) (. (LSI T) (1 2)))),0
TRANSITIVE,all,NA,LSI,INDEPENDENT,MAX,NA,1.0,1.0,0.0,(x (MAX INDEPENDENT) ((. (LSI T) (0 1)) (. (LSI T) (1 2)))),0
TRANSITIVE,all,NA,LSI,GLOBAL,SUM,NA,1.0,1.0,0.0,(x (SUM GLOBAL) ((. (LSI T) (0 1)) (. (LSI T) (1 2)))),0
TRANSITIVE,all,NA,LSI,GLOBAL,MAX,NA,1.0,1.0,0.0,(x (MAX GLOBAL) ((. (LSI T) (0 1)) (. (LSI T) (1 2)))),0
TRANSITIVE,all,NA,VSM,INDEPENDENT,PCA,NA,1.0,1.0,0.0,(x (PCA INDEPENDENT) ((. (VSM T) (0 1)) (. (VSM T) (1 2)))),0
TRANSITIVE,all,NA,VSM,INDEPENDENT,SUM,NA,1.0,1.0,0.0,(x (SUM INDEPENDENT) ((. (VSM T) (0 1)) (. (VSM T) (1 2)))),0
TRANSITIVE,all,NA,VSM,INDEPENDENT,MAX,NA,1.0,1.0,0.0,(x (MAX INDEPENDENT) ((. (VSM T) (0 1)) (. (VSM T) (1 2)))),0
TRANSITIVE,all,NA,VSM,GLOBAL,PCA,NA,1.0,1.0,0.0,(x (PCA GLOBAL) ((. (VSM T) (0 1)) (. (VSM T) (1 2)))),0
TRANSITIVE,all,NA,VSM,GLOBAL,SUM,NA,1.0,1.0,0.0,(x (SUM GLOBAL) ((. (VSM T) (0 1)) (. (VSM T) (1 2)))),0
TRANSITIVE,all,NA,VSM,GLOBAL,MAX,NA,1.0,1.0,0.0,(x (MAX GLOBAL) ((. (VSM T) (0 1)) (. (VSM T) (1 2)))),0
TRANSITIVE,lower,NA,LSI,INDEPENDENT,SUM,NA,0.8971883373413438,0.9232744116379752,45.8819018404908,(x (SUM INDEPENDENT) ((. (LSI NT) (0 1)) (. (LSI T) (1 2)))),0
TRANSITIVE,lower,NA,LSI,INDEPENDENT,PCA,NA,0.8529299382956981,0.8764439748035373,73.88650306748467,(x (PCA INDEPENDENT) ((. (LSI NT) (0 1)) (. (LSI T) (1 2)))),0
TRANSITIVE,all,NA,LSI,GLOBAL,PCA,NA,1.0,1.0,0.0,(x (PCA GLOBAL) ((. (LSI T) (0 1)) (. (LSI T) (1 2)))),0
TRANSITIVE,upper,NA,VSM,GLOBAL,SUM,NA,0.8652093427844094,0.8347187455116238,98.97546012269939,(x (SUM GLOBAL) ((. (VSM T) (0 1)) (. (VSM NT) (1 2)))),0
TRANSITIVE,upper,NA,VSM,GLOBAL,MAX,NA,0.7092403156897708,0.724740700084125,164.87730061349694,(x (MAX GLOBAL) ((. (VSM T) (0 1)) (. (VSM NT) (1 2)))),0
TRANSITIVE,none,NA,LSI,INDEPENDENT,PCA,NA,0.5687021058928468,0.5537938322014075,266.8312883435583,(x (PCA INDEPENDENT) ((. (LSI NT) (0 1)) (. (LSI NT) (1 2)))),0
TRANSITIVE,none,NA,LSI,INDEPENDENT,SUM,NA,0.7233005163823922,0.6901224942035824,185.30674846625766,(x (SUM INDEPENDENT) ((. (LSI NT) (0 1)) (. (LSI NT) (1 2)))),0
TRANSITIVE,none,NA,LSI,INDEPENDENT,MAX,NA,0.622087931977223,0.6212631060590517,226.48466257668713,(x (MAX INDEPENDENT) ((. (LSI NT) (0 1)) (. (LSI NT) (1 2)))),0
TRANSITIVE,none,NA,LSI,GLOBAL,PCA,NA,0.5415226978377035,0.5094691917844758,293.33742331288346,(x (PCA GLOBAL) ((. (LSI NT) (0 1)) (. (LSI NT) (1 2)))),0
TRANSITIVE,none,NA,LSI,GLOBAL,MAX,NA,0.6106024652173775,0.6072619365164044,234.8573619631902,(x (MAX GLOBAL) ((. (LSI NT) (0 1)) (. (LSI NT) (1 2)))),0
TRANSITIVE,none,NA,VSM,INDEPENDENT,PCA,NA,0.6380499296891071,0.6780577384738495,192.69325153374234,(x (PCA INDEPENDENT) ((. (VSM NT) (0 1)) (. (VSM NT) (1 2)))),0
TRANSITIVE,none,NA,VSM,INDEPENDENT,SUM,NA,0.7298841063732695,0.7049674785070891,176.4754601226994,(x (SUM INDEPENDENT) ((. (VSM NT) (0 1)) (. (VSM NT) (1 2)))),0
TRANSITIVE,none,NA,VSM,INDEPENDENT,MAX,NA,0.6640496218553353,0.6589782916470034,203.89877300613497,(x (MAX INDEPENDENT) ((. (VSM NT) (0 1)) (. (VSM NT) (1 2)))),0
TRANSITIVE,none,NA,VSM,GLOBAL,PCA,NA,0.6380499296891071,0.6780577384738495,192.69325153374234,(x (PCA GLOBAL) ((. (VSM NT) (0 1)) (. (VSM NT) (1 2)))),0
TRANSITIVE,none,NA,VSM,GLOBAL,SUM,NA,0.7298841063732695,0.7049674785070891,176.4754601226994,(x (SUM GLOBAL) ((. (VSM NT) (0 1)) (. (VSM NT) (1 2)))),0
TRANSITIVE,none,NA,LSI,GLOBAL,SUM,NA,0.7095618177340959,0.6737848041529024,195.07668711656441,(x (SUM GLOBAL) ((. (LSI NT) (0 1)) (. (LSI NT) (1 2)))),0
TRANSITIVE,upper,NA,LSI,INDEPENDENT,PCA,NA,0.8523748441795538,0.8261613353304471,103.95552147239263,(x (PCA INDEPENDENT) ((. (LSI T) (0 1)) (. (LSI NT) (1 2)))),0
TRANSITIVE,upper,NA,VSM,GLOBAL,PCA,NA,0.8334239252948379,0.8047261320967642,116.98159509202453,(x (PCA GLOBAL) ((. (VSM T) (0 1)) (. (VSM NT) (1 2)))),0
TRANSITIVE,none,NA,VSM,GLOBAL,MAX,NA,0.6640496218553353,0.6589782916470034,203.89877300613497,(x (MAX GLOBAL) ((. (VSM NT) (0 1)) (. (VSM NT) (1 2)))),0
TRANSITIVE,upper,NA,VSM,INDEPENDENT,MAX,NA,0.7092403156897708,0.724740700084125,164.87730061349694,(x (MAX INDEPENDENT) ((. (VSM T) (0 1)) (. (VSM NT) (1 2)))),0
TRANSITIVE,upper,NA,VSM,INDEPENDENT,SUM,NA,0.8652093427844094,0.8347187455116238,98.97546012269939,(x (SUM INDEPENDENT) ((. (VSM T) (0 1)) (. (VSM NT) (1 2)))),0
TRANSITIVE,upper,NA,LSI,GLOBAL,MAX,NA,0.6397566090918327,0.6854468884010095,188.10276073619633,(x (MAX GLOBAL) ((. (LSI T) (0 1)) (. (LSI NT) (1 2)))),0
TRANSITIVE,upper,NA,VSM,INDEPENDENT,PCA,NA,0.8334239252948379,0.8047261320967642,116.98159509202453,(x (PCA INDEPENDENT) ((. (VSM T) (0 1)) (. (VSM NT) (1 2)))),0
TRANSITIVE,upper,NA,LSI,GLOBAL,SUM,NA,0.8652474622427395,0.8382260910601801,96.74079754601227,(x (SUM GLOBAL) ((. (LSI T) (0 1)) (. (LSI NT) (1 2)))),0
TRANSITIVE,upper,NA,LSI,GLOBAL,PCA,NA,0.8109766328884529,0.8066022734267599,115.65184049079754,(x (PCA GLOBAL) ((. (LSI T) (0 1)) (. (LSI NT) (1 2)))),0
TRANSITIVE,upper,NA,LSI,INDEPENDENT,MAX,NA,0.6397566090918327,0.6854468884010095,188.10276073619633,(x (MAX INDEPENDENT) ((. (LSI T) (0 1)) (. (LSI NT) (1 2)))),0
TRANSITIVE,upper,NA,LSI,INDEPENDENT,SUM,NA,0.8663612840831967,0.8394777068756797,95.99233128834356,(x (SUM INDEPENDENT) ((. (LSI T) (0 1)) (. (LSI NT) (1 2)))),0
HYBRID,lower,VSM,LSI,GLOBAL,PCA,PCA,0.8323810800929888,0.8706347333647947,77.36042944785277,(o (PCA) ((. (VSM NT) (0 2)) (x (PCA GLOBAL) ((. (LSI NT) (0 1)) (. (LSI T) (1 2)))))),0
HYBRID,lower,VSM,LSI,GLOBAL,SUM,PCA,0.8813545863687815,0.9048720684490223,56.88650306748466,(o (PCA) ((. (VSM NT) (0 2)) (x (SUM GLOBAL) ((. (LSI NT) (0 1)) (. (LSI T) (1 2)))))),0
HYBRID,lower,VSM,LSI,GLOBAL,PCA,MAX,0.8211701640021476,0.8598780187537189,83.79294478527608,(o (MAX) ((. (VSM NT) (0 2)) (x (PCA GLOBAL) ((. (LSI NT) (0 1)) (. (LSI T) (1 2)))))),0
HYBRID,lower,VSM,LSI,GLOBAL,SUM,MAX,0.8963381516133837,0.9213354330385539,47.04141104294479,(o (MAX) ((. (VSM NT) (0 2)) (x (SUM GLOBAL) ((. (LSI NT) (0 1)) (. (LSI T) (1 2)))))),0
HYBRID,lower,VSM,LSI,GLOBAL,PCA,SUM,0.828747096576893,0.8777750990007592,73.09049079754601,(o (SUM) ((. (VSM NT) (0 2)) (x (PCA GLOBAL) ((. (LSI NT) (0 1)) (. (LSI T) (1 2)))))),0
HYBRID,lower,VSM,LSI,GLOBAL,SUM,SUM,0.8991169965786147,0.9222638857541499,46.486196319018404,(o (SUM) ((. (VSM NT) (0 2)) (x (SUM GLOBAL) ((. (LSI NT) (0 1)) (. (LSI T) (1 2)))))),0
HYBRID,lower,VSM,LSI,INDEPENDENT,MAX,MAX,0.9156531458483155,0.9170932761556928,49.578220858895705,(o (MAX) ((. (VSM NT) (0 2)) (x (MAX INDEPENDENT) ((. (LSI NT) (0 1)) (. (LSI T) (1 2)))))),0
HYBRID,lower,VSM,LSI,INDEPENDENT,SUM,SUM,0.9016820862430455,0.9241361799043848,45.36656441717791,(o (SUM) ((. (VSM NT) (0 2)) (x (SUM INDEPENDENT) ((. (LSI NT) (0 1)) (. (LSI T) (1 2)))))),0
HYBRID,lower,VSM,LSI,INDEPENDENT,MAX,PCA,0.8980530653261319,0.9227332416849621,46.20552147239264,(o (PCA) ((. (VSM NT) (0 2)) (x (MAX INDEPENDENT) ((. (LSI NT) (0 1)) (. (LSI T) (1 2)))))),0
HYBRID,lower,VSM,LSI,INDEPENDENT,SUM,MAX,0.8981861199937025,0.9238001928719454,45.56748466257669,(o (MAX) ((. (VSM NT) (0 2)) (x (SUM INDEPENDENT) ((. (LSI NT) (0 1)) (. (LSI T) (1 2)))))),0
HYBRID,lower,VSM,LSI,INDEPENDENT,SUM,PCA,0.886538793887405,0.9100503724070008,53.7898773006135,(o (PCA) ((. (VSM NT) (0 2)) (x (SUM INDEPENDENT) ((. (LSI NT) (0 1)) (. (LSI T) (1 2)))))),0
HYBRID,lower,VSM,LSI,INDEPENDENT,PCA,MAX,0.8518313309235678,0.8746922256191395,74.9340490797546,(o (MAX) ((. (VSM NT) (0 2)) (x (PCA INDEPENDENT) ((. (LSI NT) (0 1)) (. (LSI T) (1 2)))))),0
HYBRID,lower,VSM,LSI,GLOBAL,MAX,PCA,0.898747063869803,0.9228101852801773,46.15950920245399,(o (PCA) ((. (VSM NT) (0 2)) (x (MAX GLOBAL) ((. (LSI NT) (0 1)) (. (LSI T) (1 2)))))),0
HYBRID,lower,VSM,LSI,INDEPENDENT,PCA,SUM,0.8481275391629848,0.8918532121386216,64.6717791411043,(o (SUM) ((. (VSM NT) (0 2)) (x (PCA INDEPENDENT) ((. (LSI NT) (0 1)) (. (LSI T) (1 2)))))),0
HYBRID,lower,VSM,LSI,INDEPENDENT,MAX,SUM,0.9141576864740675,0.9329846933541253,40.07515337423313,(o (SUM) ((. (VSM NT) (0 2)) (x (MAX INDEPENDENT) ((. (LSI NT) (0 1)) (. (LSI T) (1 2)))))),0
HYBRID,lower,VSM,LSI,GLOBAL,MAX,SUM,0.9164739561181006,0.9336310195539324,39.688650306748464,(o (SUM) ((. (VSM NT) (0 2)) (x (MAX GLOBAL) ((. (LSI NT) (0 1)) (. (LSI T) (1 2)))))),0
HYBRID,lower,VSM,VSM,GLOBAL,PCA,SUM,0.8242248587774571,0.8669747830190615,79.54907975460122,(o (SUM) ((. (VSM NT) (0 2)) (x (PCA GLOBAL) ((. (VSM NT) (0 1)) (. (VSM T) (1 2)))))),0
HYBRID,lower,VSM,VSM,INDEPENDENT,PCA,PCA,0.8231298150730562,0.8582365553891295,84.77453987730061,(o (PCA) ((. (VSM NT) (0 2)) (x (PCA INDEPENDENT) ((. (VSM NT) (0 1)) (. (VSM T) (1 2)))))),0
HYBRID,lower,VSM,LSI,INDEPENDENT,PCA,PCA,0.8509490636509964,0.8863543098672466,67.9601226993865,(o (PCA) ((. (VSM NT) (0 2)) (x (PCA INDEPENDENT) ((. (LSI NT) (0 1)) (. (LSI T) (1 2)))))),0
HYBRID,lower,VSM,VSM,GLOBAL,SUM,MAX,0.9165354836158854,0.9286886759546135,42.644171779141104,(o (MAX) ((. (VSM NT) (0 2)) (x (SUM GLOBAL) ((. (VSM NT) (0 1)) (. (VSM T) (1 2)))))),0
HYBRID,lower,VSM,VSM,GLOBAL,SUM,SUM,0.9092040906741281,0.9259033178078258,44.309815950920246,(o (SUM) ((. (VSM NT) (0 2)) (x (SUM GLOBAL) ((. (VSM NT) (0 1)) (. (VSM T) (1 2)))))),0
HYBRID,lower,VSM,VSM,GLOBAL,SUM,PCA,0.874367625976022,0.8920917372837884,64.52914110429448,(o (PCA) ((. (VSM NT) (0 2)) (x (SUM GLOBAL) ((. (VSM NT) (0 1)) (. (VSM T) (1 2)))))),0
HYBRID,lower,VSM,VSM,GLOBAL,PCA,MAX,0.8340827809968978,0.8494547263885754,90.0260736196319,(o (MAX) ((. (VSM NT) (0 2)) (x (PCA GLOBAL) ((. (VSM NT) (0 1)) (. (VSM T) (1 2)))))),0
HYBRID,lower,VSM,VSM,GLOBAL,PCA,PCA,0.8231298150730562,0.8582365553891295,84.77453987730061,(o (PCA) ((. (VSM NT) (0 2)) (x (PCA GLOBAL) ((. (VSM NT) (0 1)) (. (VSM T) (1 2)))))),0
HYBRID,lower,VSM,LSI,GLOBAL,MAX,MAX,0.9163966469433559,0.9178088515911935,49.15030674846626,(o (MAX) ((. (VSM NT) (0 2)) (x (MAX GLOBAL) ((. (LSI NT) (0 1)) (. (LSI T) (1 2)))))),0
HYBRID,lower,VSM,VSM,INDEPENDENT,MAX,MAX,0.9328609187480923,0.9315868847077169,40.91104294478528,(o (MAX) ((. (VSM NT) (0 2)) (x (MAX INDEPENDENT) ((. (VSM NT) (0 1)) (. (VSM T) (1 2)))))),0
HYBRID,lower,VSM,VSM,INDEPENDENT,MAX,PCA,0.9100643330557545,0.9288220448529865,42.56441717791411,(o (PCA) ((. (VSM NT) (0 2)) (x (MAX INDEPENDENT) ((. (VSM NT) (0 1)) (. (VSM T) (1 2)))))),0
HYBRID,lower,VSM,VSM,INDEPENDENT,SUM,MAX,0.9165354836158854,0.9286886759546135,42.644171779141104,(o (MAX) ((. (VSM NT) (0 2)) (x (SUM INDEPENDENT) ((. (VSM NT) (0 1)) (. (VSM T) (1 2)))))),0
HYBRID,lower,VSM,VSM,INDEPENDENT,SUM,SUM,0.9092040906741281,0.9259033178078258,44.309815950920246,(o (SUM) ((. (VSM NT) (0 2)) (x (SUM INDEPENDENT) ((. (VSM NT) (0 1)) (. (VSM T) (1 2)))))),0
HYBRID,lower,VSM,VSM,INDEPENDENT,SUM,PCA,0.874367625976022,0.8920917372837884,64.52914110429448,(o (PCA) ((. (VSM NT) (0 2)) (x (SUM INDEPENDENT) ((. (VSM NT) (0 1)) (. (VSM T) (1 2)))))),0
HYBRID,lower,VSM,VSM,INDEPENDENT,PCA,MAX,0.8340827809968978,0.8494547263885754,90.0260736196319,(o (MAX) ((. (VSM NT) (0 2)) (x (PCA INDEPENDENT) ((. (VSM NT) (0 1)) (. (VSM T) (1 2)))))),0
HYBRID,lower,VSM,VSM,INDEPENDENT,PCA,SUM,0.8242248587774571,0.8669747830190615,79.54907975460122,(o (SUM) ((. (VSM NT) (0 2)) (x (PCA INDEPENDENT) ((. (VSM NT) (0 1)) (. (VSM T) (1 2)))))),0
HYBRID,lower,VSM,VSM,INDEPENDENT,MAX,SUM,0.928684840283981,0.9403892320003282,35.647239263803684,(o (SUM) ((. (VSM NT) (0 2)) (x (MAX INDEPENDENT) ((. (VSM NT) (0 1)) (. (VSM T) (1 2)))))),0
HYBRID,lower,LSI,VSM,GLOBAL,MAX,MAX,0.9314576277812212,0.9302480661509736,41.71165644171779,(o (MAX) ((. (LSI NT) (0 2)) (x (MAX GLOBAL) ((. (VSM NT) (0 1)) (. (VSM T) (1 2)))))),0
HYBRID,lower,LSI,LSI,GLOBAL,PCA,SUM,0.82126630732527,0.8783085745942507,72.77147239263803,(o (SUM) ((. (LSI NT) (0 2)) (x (PCA GLOBAL) ((. (LSI NT) (0 1)) (. (LSI T) (1 2)))))),0
HYBRID,lower,LSI,VSM,GLOBAL,MAX,PCA,0.9193662201085918,0.9370165377433982,37.66411042944785,(o (PCA) ((. (LSI NT) (0 2)) (x (MAX GLOBAL) ((. (VSM NT) (0 1)) (. (VSM T) (1 2)))))),0
HYBRID,lower,LSI,LSI,GLOBAL,SUM,MAX,0.896055251489049,0.9209481502759711,47.27300613496933,(o (MAX) ((. (LSI NT) (0 2)) (x (SUM GLOBAL) ((. (LSI NT) (0 1)) (. (LSI T) (1 2)))))),0
HYBRID,lower,LSI,LSI,GLOBAL,SUM,SUM,0.9024690209410322,0.9260931120093563,44.19631901840491,(o (SUM) ((. (LSI NT) (0 2)) (x (SUM GLOBAL) ((. (LSI NT) (0 1)) (. (LSI T) (1 2)))))),0
HYBRID,lower,LSI,LSI,GLOBAL,SUM,PCA,0.8940615206688661,0.917890924759423,49.10122699386503,(o (PCA) ((. (LSI NT) (0 2)) (x (SUM GLOBAL) ((. (LSI NT) (0 1)) (. (LSI T) (1 2)))))),0
HYBRID,lower,LSI,LSI,GLOBAL,PCA,MAX,0.8193020501263463,0.8576928206496092,85.09969325153374,(o (MAX) ((. (LSI NT) (0 2)) (x (PCA GLOBAL) ((. (LSI NT) (0 1)) (. (LSI T) (1 2)))))),0
HYBRID,lower,VSM,VSM,GLOBAL,MAX,PCA,0.9100643330557545,0.9288220448529865,42.56441717791411,(o (PCA) ((. (VSM NT) (0 2)) (x (MAX GLOBAL) ((. (VSM NT) (0 1)) (. (VSM T) (1 2)))))),0
HYBRID,lower,LSI,LSI,GLOBAL,PCA,PCA,0.8276432250230594,0.8767312308923406,73.71472392638037,(o (PCA) ((. (LSI NT) (0 2)) (x (PCA GLOBAL) ((. (LSI NT) (0 1)) (. (LSI T) (1 2)))))),0
HYBRID,lower,LSI,LSI,GLOBAL,MAX,PCA,0.9096167185593154,0.9308533557666661,41.34969325153374,(o (PCA) ((. (LSI NT) (0 2)) (x (MAX GLOBAL) ((. (LSI NT) (0 1)) (. (LSI T) (1 2)))))),0
HYBRID,lower,LSI,LSI,INDEPENDENT,MAX,MAX,0.9143518380263281,0.9158057533290929,50.34815950920245,(o (MAX) ((. (LSI NT) (0 2)) (x (MAX INDEPENDENT) ((. (LSI NT) (0 1)) (. (LSI T) (1 2)))))),0
HYBRID,lower,LSI,LSI,INDEPENDENT,MAX,PCA,0.9083473369360562,0.9306353489135565,41.48006134969325,(o (PCA) ((. (LSI NT) (0 2)) (x (MAX INDEPENDENT) ((. (LSI NT) (0 1)) (. (LSI T) (1 2)))))),0
HYBRID,lower,LSI,LSI,INDEPENDENT,SUM,MAX,0.898020741550239,0.9235693620862999,45.70552147239264,(o (MAX) ((. (LSI NT) (0 2)) (x (SUM INDEPENDENT) ((. (LSI NT) (0 1)) (. (LSI T) (1 2)))))),0
HYBRID,lower,LSI,LSI,INDEPENDENT,SUM,SUM,0.9054902410217366,0.92836551285471,42.83742331288344,(o (SUM) ((. (LSI NT) (0 2)) (x (SUM INDEPENDENT) ((. (LSI NT) (0 1)) (. (LSI T) (1 2)))))),0
HYBRID,lower,LSI,LSI,INDEPENDENT,SUM,PCA,0.897778868618639,0.9215867821162567,46.89110429447853,(o (PCA) ((. (LSI NT) (0 2)) (x (SUM INDEPENDENT) ((. (LSI NT) (0 1)) (. (LSI T) (1 2)))))),0
HYBRID,lower,LSI,LSI,INDEPENDENT,PCA,MAX,0.8501209226330468,0.8729071342101484,76.00153374233129,(o (MAX) ((. (LSI NT) (0 2)) (x (PCA INDEPENDENT) ((. (LSI NT) (0 1)) (. (LSI T) (1 2)))))),0
HYBRID,lower,LSI,LSI,INDEPENDENT,PCA,SUM,0.8419126458885986,0.8920301824076164,64.5659509202454,(o (SUM) ((. (LSI NT) (0 2)) (x (PCA INDEPENDENT) ((. (LSI NT) (0 1)) (. (LSI T) (1 2)))))),0
HYBRID,lower,LSI,LSI,INDEPENDENT,MAX,SUM,0.9219611021670969,0.9368882984180398,37.74079754601227,(o (SUM) ((. (LSI NT) (0 2)) (x (MAX INDEPENDENT) ((. (LSI NT) (0 1)) (. (LSI T) (1 2)))))),0
HYBRID,lower,LSI,VSM,GLOBAL,MAX,SUM,0.9323400766204455,0.9428796396987915,34.1579754601227,(o (SUM) ((. (LSI NT) (0 2)) (x (MAX GLOBAL) ((. (VSM NT) (0 1)) (. (VSM T) (1 2)))))),0
HYBRID,lower,LSI,LSI,GLOBAL,MAX,SUM,0.9236380771686444,0.9371422122822496,37.58895705521472,(o (SUM) ((. (LSI NT) (0 2)) (x (MAX GLOBAL) ((. (LSI NT) (0 1)) (. (LSI T) (1 2)))))),0
HYBRID,lower,LSI,VSM,INDEPENDENT,PCA,PCA,0.8215047609425206,0.8652640704187783,80.57208588957056,(o (PCA) ((. (LSI NT) (0 2)) (x (PCA INDEPENDENT) ((. (VSM NT) (0 1)) (. (VSM T) (1 2)))))),0
HYBRID,lower,LSI,VSM,GLOBAL,SUM,MAX,0.9139374593453284,0.9254749984611281,44.5659509202454,(o (MAX) ((. (LSI NT) (0 2)) (x (SUM GLOBAL) ((. (VSM NT) (0 1)) (. (VSM T) (1 2)))))),0
HYBRID,lower,LSI,VSM,GLOBAL,SUM,SUM,0.9136195208554372,0.9309533824404457,41.2898773006135,(o (SUM) ((. (LSI NT) (0 2)) (x (SUM GLOBAL) ((. (VSM NT) (0 1)) (. (VSM T) (1 2)))))),0
HYBRID,lower,LSI,VSM,GLOBAL,SUM,PCA,0.89181979303882,0.9089757268604962,54.43251533742331,(o (PCA) ((. (LSI NT) (0 2)) (x (SUM GLOBAL) ((. (VSM NT) (0 1)) (. (VSM T) (1 2)))))),0
HYBRID,lower,LSI,VSM,GLOBAL,PCA,MAX,0.8227149967838842,0.8311088085027802,100.99693251533742,(o (MAX) ((. (LSI NT) (0 2)) (x (PCA GLOBAL) ((. (VSM NT) (0 1)) (. (VSM T) (1 2)))))),0
HYBRID,lower,LSI,VSM,GLOBAL,PCA,SUM,0.824074865101599,0.8698986396372366,77.80061349693251,(o (SUM) ((. (LSI NT) (0 2)) (x (PCA GLOBAL) ((. (VSM NT) (0 1)) (. (VSM T) (1 2)))))),0
HYBRID,lower,LSI,VSM,GLOBAL,PCA,PCA,0.8215047609425206,0.8652640704187783,80.57208588957056,(o (PCA) ((. (LSI NT) (0 2)) (x (PCA GLOBAL) ((. (VSM NT) (0 1)) (. (VSM T) (1 2)))))),0
HYBRID,lower,LSI,LSI,GLOBAL,MAX,MAX,0.9142182222206439,0.9156621252846913,50.4340490797546,(o (MAX) ((. (LSI NT) (0 2)) (x (MAX GLOBAL) ((. (LSI NT) (0 1)) (. (LSI T) (1 2)))))),0
HYBRID,lower,LSI,VSM,INDEPENDENT,MAX,MAX,0.9314576277812212,0.9302480661509736,41.71165644171779,(o (MAX) ((. (LSI NT) (0 2)) (x (MAX INDEPENDENT) ((. (VSM NT) (0 1)) (. (VSM T) (1 2)))))),0
HYBRID,lower,LSI,VSM,INDEPENDENT,MAX,PCA,0.9193662201085918,0.9370165377433982,37.66411042944785,(o (PCA) ((. (LSI NT) (0 2)) (x (MAX INDEPENDENT) ((. (VSM NT) (0 1)) (. (VSM T) (1 2)))))),0
HYBRID,lower,LSI,VSM,INDEPENDENT,SUM,MAX,0.9139374593453284,0.9254749984611281,44.5659509202454,(o (MAX) ((. (LSI NT) (0 2)) (x (SUM INDEPENDENT) ((. (VSM NT) (0 1)) (. (VSM T) (1 2)))))),0
HYBRID,lower,LSI,VSM,INDEPENDENT,SUM,SUM,0.9136195208554372,0.9309533824404457,41.2898773006135,(o (SUM) ((. (LSI NT) (0 2)) (x (SUM INDEPENDENT) ((. (VSM NT) (0 1)) (. (VSM T) (1 2)))))),0
HYBRID,lower,LSI,VSM,INDEPENDENT,SUM,PCA,0.89181979303882,0.9089757268604962,54.43251533742331,(o (PCA) ((. (LSI NT) (0 2)) (x (SUM INDEPENDENT) ((. (VSM NT) (0 1)) (. (VSM T) (1 2)))))),0
HYBRID,lower,LSI,VSM,INDEPENDENT,PCA,MAX,0.8227149967838842,0.8311088085027802,100.99693251533742,(o (MAX) ((. (LSI NT) (0 2)) (x (PCA INDEPENDENT) ((. (VSM NT) (0 1)) (. (VSM T) (1 2)))))),0
HYBRID,lower,LSI,VSM,INDEPENDENT,PCA,SUM,0.824074865101599,0.8698986396372366,77.80061349693251,(o (SUM) ((. (LSI NT) (0 2)) (x (PCA INDEPENDENT) ((. (VSM NT) (0 1)) (. (VSM T) (1 2)))))),0
HYBRID,lower,LSI,VSM,INDEPENDENT,MAX,SUM,0.9323400766204455,0.9428796396987915,34.1579754601227,(o (SUM) ((. (LSI NT) (0 2)) (x (MAX INDEPENDENT) ((. (VSM NT) (0 1)) (. (VSM T) (1 2)))))),0
HYBRID,lower,VSM,VSM,GLOBAL,MAX,SUM,0.928684840283981,0.9403892320003282,35.647239263803684,(o (SUM) ((. (VSM NT) (0 2)) (x (MAX GLOBAL) ((. (VSM NT) (0 1)) (. (VSM T) (1 2)))))),0
HYBRID,all,LSI,VSM,INDEPENDENT,SUM,MAX,0.9999700170672079,0.9999666577754068,0.019938650306748466,(o (MAX) ((. (LSI NT) (0 2)) (x (SUM INDEPENDENT) ((. (VSM T) (0 1)) (. (VSM T) (1 2)))))),0
HYBRID,all,LSI,LSI,INDEPENDENT,PCA,PCA,0.9989628975373636,0.9990279459137822,0.5812883435582822,(o (PCA) ((. (LSI NT) (0 2)) (x (PCA INDEPENDENT) ((. (LSI T) (0 1)) (. (LSI T) (1 2)))))),0
HYBRID,all,VSM,LSI,GLOBAL,MAX,PCA,0.9984478550748418,0.9986406631511994,0.8128834355828221,(o (PCA) ((. (VSM NT) (0 2)) (x (MAX GLOBAL) ((. (LSI T) (0 1)) (. (LSI T) (1 2)))))),0
HYBRID,all,VSM,LSI,GLOBAL,SUM,MAX,0.9999655080435242,0.9999615282023925,0.023006134969325152,(o (MAX) ((. (VSM NT) (0 2)) (x (SUM GLOBAL) ((. (LSI T) (0 1)) (. (LSI T) (1 2)))))),0
HYBRID,all,VSM,LSI,GLOBAL,SUM,SUM,0.9999745532946543,0.9999717873484212,0.01687116564417178,(o (SUM) ((. (VSM NT) (0 2)) (x (SUM GLOBAL) ((. (LSI T) (0 1)) (. (LSI T) (1 2)))))),0
HYBRID,all,VSM,LSI,GLOBAL,SUM,PCA,0.9984465162086937,0.9986278392186635,0.8205521472392638,(o (PCA) ((. (VSM NT) (0 2)) (x (SUM GLOBAL) ((. (LSI T) (0 1)) (. (LSI T) (1 2)))))),0
HYBRID,all,VSM,LSI,GLOBAL,PCA,MAX,0.9999655080435242,0.9999615282023925,0.023006134969325152,(o (MAX) ((. (VSM NT) (0 2)) (x (PCA GLOBAL) ((. (LSI T) (0 1)) (. (LSI T) (1 2)))))),0
HYBRID,all,VSM,LSI,GLOBAL,PCA,SUM,0.9999745532946543,0.9999717873484212,0.01687116564417178,(o (SUM) ((. (VSM NT) (0 2)) (x (PCA GLOBAL) ((. (LSI T) (0 1)) (. (LSI T) (1 2)))))),0
HYBRID,all,VSM,LSI,GLOBAL,MAX,SUM,1.0,1.0,0.0,(o (SUM) ((. (VSM NT) (0 2)) (x (MAX GLOBAL) ((. (LSI T) (0 1)) (. (LSI T) (1 2)))))),0
HYBRID,all,VSM,LSI,GLOBAL,PCA,PCA,0.9984465162086937,0.9986278392186635,0.8205521472392638,(o (PCA) ((. (VSM NT) (0 2)) (x (PCA GLOBAL) ((. (LSI T) (0 1)) (. (LSI T) (1 2)))))),0
HYBRID,all,VSM,LSI,INDEPENDENT,MAX,SUM,1.0,1.0,0.0,(o (SUM) ((. (VSM NT) (0 2)) (x (MAX INDEPENDENT) ((. (LSI T) (0 1)) (. (LSI T) (1 2)))))),0
HYBRID,all,VSM,LSI,INDEPENDENT,MAX,PCA,0.9984478550748418,0.9986406631511994,0.8128834355828221,(o (PCA) ((. (VSM NT) (0 2)) (x (MAX INDEPENDENT) ((. (LSI T) (0 1)) (. (LSI T) (1 2)))))),0
HYBRID,all,VSM,LSI,INDEPENDENT,SUM,MAX,0.9999655080435242,0.9999615282023925,0.023006134969325152,(o (MAX) ((. (VSM NT) (0 2)) (x (SUM INDEPENDENT) ((. (LSI T) (0 1)) (. (LSI T) (1 2)))))),0
HYBRID,all,VSM,LSI,INDEPENDENT,SUM,SUM,0.9999745532946543,0.9999717873484212,0.01687116564417178,(o (SUM) ((. (VSM NT) (0 2)) (x (SUM INDEPENDENT) ((. (LSI T) (0 1)) (. (LSI T) (1 2)))))),0
HYBRID,all,VSM,LSI,INDEPENDENT,SUM,PCA,0.9984465162086937,0.9986278392186635,0.8205521472392638,(o (PCA) ((. (VSM NT) (0 2)) (x (SUM INDEPENDENT) ((. (LSI T) (0 1)) (. (LSI T) (1 2)))))),0
HYBRID,all,VSM,LSI,INDEPENDENT,PCA,MAX,0.9999655080435242,0.9999615282023925,0.023006134969325152,(o (MAX) ((. (VSM NT) (0 2)) (x (PCA INDEPENDENT) ((. (LSI T) (0 1)) (. (LSI T) (1 2)))))),0
HYBRID,all,VSM,LSI,INDEPENDENT,MAX,MAX,1.0,1.0,0.0,(o (MAX) ((. (VSM NT) (0 2)) (x (MAX INDEPENDENT) ((. (LSI T) (0 1)) (. (LSI T) (1 2)))))),0
HYBRID,all,VSM,LSI,INDEPENDENT,PCA,SUM,0.9999745532946543,0.9999717873484212,0.01687116564417178,(o (SUM) ((. (VSM NT) (0 2)) (x (PCA INDEPENDENT) ((. (LSI T) (0 1)) (. (LSI T) (1 2)))))),0
HYBRID,all,VSM,LSI,GLOBAL,MAX,MAX,1.0,1.0,0.0,(o (MAX) ((. (VSM NT) (0 2)) (x (MAX GLOBAL) ((. (LSI T) (0 1)) (. (LSI T) (1 2)))))),0
HYBRID,all,VSM,VSM,INDEPENDENT,PCA,SUM,0.9999745532946543,0.9999717873484212,0.01687116564417178,(o (SUM) ((. (VSM NT) (0 2)) (x (PCA INDEPENDENT) ((. (VSM T) (0 1)) (. (VSM T) (1 2)))))),0
HYBRID,all,VSM,VSM,GLOBAL,MAX,PCA,0.9984478550748418,0.9986406631511994,0.8128834355828221,(o (PCA) ((. (VSM NT) (0 2)) (x (MAX GLOBAL) ((. (VSM T) (0 1)) (. (VSM T) (1 2)))))),0
HYBRID,all,VSM,VSM,GLOBAL,SUM,MAX,0.9999655080435242,0.9999615282023925,0.023006134969325152,(o (MAX) ((. (VSM NT) (0 2)) (x (SUM GLOBAL) ((. (VSM T) (0 1)) (. (VSM T) (1 2)))))),0
HYBRID,all,VSM,VSM,GLOBAL,SUM,SUM,0.9999745532946543,0.9999717873484212,0.01687116564417178,(o (SUM) ((. (VSM NT) (0 2)) (x (SUM GLOBAL) ((. (VSM T) (0 1)) (. (VSM T) (1 2)))))),0
HYBRID,all,VSM,VSM,GLOBAL,SUM,PCA,0.9984465162086937,0.9986278392186635,0.8205521472392638,(o (PCA) ((. (VSM NT) (0 2)) (x (SUM GLOBAL) ((. (VSM T) (0 1)) (. (VSM T) (1 2)))))),0
HYBRID,all,VSM,VSM,GLOBAL,PCA,MAX,0.9999655080435242,0.9999615282023925,0.023006134969325152,(o (MAX) ((. (VSM NT) (0 2)) (x (PCA GLOBAL) ((. (VSM T) (0 1)) (. (VSM T) (1 2)))))),0
HYBRID,all,VSM,VSM,GLOBAL,PCA,SUM,0.9999745532946543,0.9999717873484212,0.01687116564417178,(o (SUM) ((. (VSM NT) (0 2)) (x (PCA GLOBAL) ((. (VSM T) (0 1)) (. (VSM T) (1 2)))))),0
HYBRID,all,VSM,VSM,INDEPENDENT,PCA,PCA,0.9984465162086937,0.9986278392186635,0.8205521472392638,(o (PCA) ((. (VSM NT) (0 2)) (x (PCA INDEPENDENT) ((. (VSM T) (0 1)) (. (VSM T) (1 2)))))),0
HYBRID,all,VSM,VSM,GLOBAL,PCA,PCA,0.9984465162086937,0.9986278392186635,0.8205521472392638,(o (PCA) ((. (VSM NT) (0 2)) (x (PCA GLOBAL) ((. (VSM T) (0 1)) (. (VSM T) (1 2)))))),0
HYBRID,all,VSM,VSM,INDEPENDENT,MAX,SUM,1.0,1.0,0.0,(o (SUM) ((. (VSM NT) (0 2)) (x (MAX INDEPENDENT) ((. (VSM T) (0 1)) (. (VSM T) (1 2)))))),0
HYBRID,all,VSM,VSM,INDEPENDENT,MAX,PCA,0.9984478550748418,0.9986406631511994,0.8128834355828221,(o (PCA) ((. (VSM NT) (0 2)) (x (MAX INDEPENDENT) ((. (VSM T) (0 1)) (. (VSM T) (1 2)))))),0
HYBRID,all,VSM,VSM,INDEPENDENT,SUM,MAX,0.9999655080435242,0.9999615282023925,0.023006134969325152,(o (MAX) ((. (VSM NT) (0 2)) (x (SUM INDEPENDENT) ((. (VSM T) (0 1)) (. (VSM T) (1 2)))))),0
HYBRID,all,VSM,VSM,INDEPENDENT,SUM,SUM,0.9999745532946543,0.9999717873484212,0.01687116564417178,(o (SUM) ((. (VSM NT) (0 2)) (x (SUM INDEPENDENT) ((. (VSM T) (0 1)) (. (VSM T) (1 2)))))),0
HYBRID,all,VSM,VSM,INDEPENDENT,SUM,PCA,0.9984465162086937,0.9986278392186635,0.8205521472392638,(o (PCA) ((. (VSM NT) (0 2)) (x (SUM INDEPENDENT) ((. (VSM T) (0 1)) (. (VSM T) (1 2)))))),0
HYBRID,all,VSM,VSM,INDEPENDENT,PCA,MAX,0.9999655080435242,0.9999615282023925,0.023006134969325152,(o (MAX) ((. (VSM NT) (0 2)) (x (PCA INDEPENDENT) ((. (VSM T) (0 1)) (. (VSM T) (1 2)))))),0
HYBRID,all,VSM,VSM,INDEPENDENT,MAX,MAX,1.0,1.0,0.0,(o (MAX) ((. (VSM NT) (0 2)) (x (MAX INDEPENDENT) ((. (VSM T) (0 1)) (. (VSM T) (1 2)))))),0
HYBRID,all,VSM,LSI,INDEPENDENT,PCA,PCA,0.9984465162086937,0.9986278392186635,0.8205521472392638,(o (PCA) ((. (VSM NT) (0 2)) (x (PCA INDEPENDENT) ((. (LSI T) (0 1)) (. (LSI T) (1 2)))))),0
HYBRID,all,LSI,VSM,GLOBAL,MAX,MAX,1.0,1.0,0.0,(o (MAX) ((. (LSI NT) (0 2)) (x (MAX GLOBAL) ((. (VSM T) (0 1)) (. (VSM T) (1 2)))))),0
HYBRID,all,LSI,VSM,GLOBAL,MAX,SUM,1.0,1.0,0.0,(o (SUM) ((. (LSI NT) (0 2)) (x (MAX GLOBAL) ((. (VSM T) (0 1)) (. (VSM T) (1 2)))))),0
HYBRID,all,LSI,LSI,GLOBAL,SUM,MAX,0.9999700170672079,0.9999666577754068,0.019938650306748466,(o (MAX) ((. (LSI NT) (0 2)) (x (SUM GLOBAL) ((. (LSI T) (0 1)) (. (LSI T) (1 2)))))),0
HYBRID,all,LSI,LSI,GLOBAL,SUM,SUM,0.9999768316868385,0.9999743521349282,0.015337423312883436,(o (SUM) ((. (LSI NT) (0 2)) (x (SUM GLOBAL) ((. (LSI T) (0 1)) (. (LSI T) (1 2)))))),0
HYBRID,all,LSI,LSI,GLOBAL,SUM,PCA,0.9989628975373636,0.9990279459137822,0.5812883435582822,(o (PCA) ((. (LSI NT) (0 2)) (x (SUM GLOBAL) ((. (LSI T) (0 1)) (. (LSI T) (1 2)))))),0
HYBRID,all,LSI,LSI,GLOBAL,PCA,MAX,0.9999700170672079,0.9999666577754068,0.019938650306748466,(o (MAX) ((. (LSI NT) (0 2)) (x (PCA GLOBAL) ((. (LSI T) (0 1)) (. (LSI T) (1 2)))))),0
HYBRID,all,LSI,LSI,GLOBAL,PCA,SUM,0.9999768316868385,0.9999743521349282,0.015337423312883436,(o (SUM) ((. (LSI NT) (0 2)) (x (PCA GLOBAL) ((. (LSI T) (0 1)) (. (LSI T) (1 2)))))),0
HYBRID,all,LSI,LSI,GLOBAL,PCA,PCA,0.9989628975373636,0.9990279459137822,0.5812883435582822,(o (PCA) ((. (LSI NT) (0 2)) (x (PCA GLOBAL) ((. (LSI T) (0 1)) (. (LSI T) (1 2)))))),0
HYBRID,all,LSI,LSI,GLOBAL,MAX,PCA,0.9988987792225836,0.9989843445431602,0.6073619631901841,(o (PCA) ((. (LSI NT) (0 2)) (x (MAX GLOBAL) ((. (LSI T) (0 1)) (. (LSI T) (1 2)))))),0
HYBRID,all,LSI,LSI,INDEPENDENT,MAX,MAX,1.0,1.0,0.0,(o (MAX) ((. (LSI NT) (0 2)) (x (MAX INDEPENDENT) ((. (LSI T) (0 1)) (. (LSI T) (1 2)))))),0
HYBRID,all,LSI,LSI,INDEPENDENT,MAX,PCA,0.9988987792225836,0.9989843445431602,0.6073619631901841,(o (PCA) ((. (LSI NT) (0 2)) (x (MAX INDEPENDENT) ((. (LSI T) (0 1)) (. (LSI T) (1 2)))))),0
HYBRID,all,LSI,LSI,INDEPENDENT,SUM,MAX,0.9999700170672079,0.9999666577754068,0.019938650306748466,(o (MAX) ((. (LSI NT) (0 2)) (x (SUM INDEPENDENT) ((. (LSI T) (0 1)) (. (LSI T) (1 2)))))),0
HYBRID,all,LSI,LSI,INDEPENDENT,SUM,SUM,0.9999768316868385,0.9999743521349282,0.015337423312883436,(o (SUM) ((. (LSI NT) (0 2)) (x (SUM INDEPENDENT) ((. (LSI T) (0 1)) (. (LSI T) (1 2)))))),0
HYBRID,all,LSI,LSI,INDEPENDENT,SUM,PCA,0.9989628975373636,0.9990279459137822,0.5812883435582822,(o (PCA) ((. (LSI NT) (0 2)) (x (SUM INDEPENDENT) ((. (LSI T) (0 1)) (. (LSI T) (1 2)))))),0
HYBRID,all,LSI,LSI,INDEPENDENT,PCA,MAX,0.9999700170672079,0.9999666577754068,0.019938650306748466,(o (MAX) ((. (LSI NT) (0 2)) (x (PCA INDEPENDENT) ((. (LSI T) (0 1)) (. (LSI T) (1 2)))))),0
HYBRID,all,LSI,LSI,INDEPENDENT,PCA,SUM,0.9999768316868385,0.9999743521349282,0.015337423312883436,(o (SUM) ((. (LSI NT) (0 2)) (x (PCA INDEPENDENT) ((. (LSI T) (0 1)) (. (LSI T) (1 2)))))),0
HYBRID,all,LSI,LSI,INDEPENDENT,MAX,SUM,1.0,1.0,0.0,(o (SUM) ((. (LSI NT) (0 2)) (x (MAX INDEPENDENT) ((. (LSI T) (0 1)) (. (LSI T) (1 2)))))),0
HYBRID,all,LSI,LSI,GLOBAL,MAX,SUM,1.0,1.0,0.0,(o (SUM) ((. (LSI NT) (0 2)) (x (MAX GLOBAL) ((. (LSI T) (0 1)) (. (LSI T) (1 2)))))),0
HYBRID,all,LSI,LSI,GLOBAL,MAX,MAX,1.0,1.0,0.0,(o (MAX) ((. (LSI NT) (0 2)) (x (MAX GLOBAL) ((. (LSI T) (0 1)) (. (LSI T) (1 2)))))),0
HYBRID,all,LSI,VSM,INDEPENDENT,PCA,PCA,0.9989628975373636,0.9990279459137822,0.5812883435582822,(o (PCA) ((. (LSI NT) (0 2)) (x (PCA INDEPENDENT) ((. (VSM T) (0 1)) (. (VSM T) (1 2)))))),0
HYBRID,all,LSI,VSM,GLOBAL,MAX,PCA,0.9988987792225836,0.9989843445431602,0.6073619631901841,(o (PCA) ((. (LSI NT) (0 2)) (x (MAX GLOBAL) ((. (VSM T) (0 1)) (. (VSM T) (1 2)))))),0
HYBRID,all,LSI,VSM,GLOBAL,SUM,MAX,0.9999700170672079,0.9999666577754068,0.019938650306748466,(o (MAX) ((. (LSI NT) (0 2)) (x (SUM GLOBAL) ((. (VSM T) (0 1)) (. (VSM T) (1 2)))))),0
HYBRID,all,LSI,VSM,GLOBAL,SUM,SUM,0.9999768316868385,0.9999743521349282,0.015337423312883436,(o (SUM) ((. (LSI NT) (0 2)) (x (SUM GLOBAL) ((. (VSM T) (0 1)) (. (VSM T) (1 2)))))),0
HYBRID,all,LSI,VSM,GLOBAL,SUM,PCA,0.9989628975373636,0.9990279459137822,0.5812883435582822,(o (PCA) ((. (LSI NT) (0 2)) (x (SUM GLOBAL) ((. (VSM T) (0 1)) (. (VSM T) (1 2)))))),0
HYBRID,all,LSI,VSM,GLOBAL,PCA,MAX,0.9999700170672079,0.9999666577754068,0.019938650306748466,(o (MAX) ((. (LSI NT) (0 2)) (x (PCA GLOBAL) ((. (VSM T) (0 1)) (. (VSM T) (1 2)))))),0
HYBRID,all,LSI,VSM,GLOBAL,PCA,SUM,0.9999768316868385,0.9999743521349282,0.015337423312883436,(o (SUM) ((. (LSI NT) (0 2)) (x (PCA GLOBAL) ((. (VSM T) (0 1)) (. (VSM T) (1 2)))))),0
HYBRID,all,LSI,VSM,GLOBAL,PCA,PCA,0.9989628975373636,0.9990279459137822,0.5812883435582822,(o (PCA) ((. (LSI NT) (0 2)) (x (PCA GLOBAL) ((. (VSM T) (0 1)) (. (VSM T) (1 2)))))),0
HYBRID,all,LSI,VSM,INDEPENDENT,MAX,MAX,1.0,1.0,0.0,(o (MAX) ((. (LSI NT) (0 2)) (x (MAX INDEPENDENT) ((. (VSM T) (0 1)) (. (VSM T) (1 2)))))),0
HYBRID,all,LSI,VSM,INDEPENDENT,MAX,SUM,1.0,1.0,0.0,(o (SUM) ((. (LSI NT) (0 2)) (x (MAX INDEPENDENT) ((. (VSM T) (0 1)) (. (VSM T) (1 2)))))),0
HYBRID,all,LSI,VSM,INDEPENDENT,MAX,PCA,0.9988987792225836,0.9989843445431602,0.6073619631901841,(o (PCA) ((. (LSI NT) (0 2)) (x (MAX INDEPENDENT) ((. (VSM T) (0 1)) (. (VSM T) (1 2)))))),0
HYBRID,lower,LSI,LSI,INDEPENDENT,PCA,PCA,0.8507951994919264,0.8939999384451239,63.38803680981595,(o (PCA) ((. (LSI NT) (0 2)) (x (PCA INDEPENDENT) ((. (LSI NT) (0 1)) (. (LSI T) (1 2)))))),0
HYBRID,all,LSI,VSM,INDEPENDENT,SUM,SUM,0.9999768316868385,0.9999743521349282,0.015337423312883436,(o (SUM) ((. (LSI NT) (0 2)) (x (SUM INDEPENDENT) ((. (VSM T) (0 1)) (. (VSM T) (1 2)))))),0
HYBRID,all,LSI,VSM,INDEPENDENT,SUM,PCA,0.9989628975373636,0.9990279459137822,0.5812883435582822,(o (PCA) ((. (LSI NT) (0 2)) (x (SUM INDEPENDENT) ((. (VSM T) (0 1)) (. (VSM T) (1 2)))))),0
HYBRID,all,LSI,VSM,INDEPENDENT,PCA,MAX,0.9999700170672079,0.9999666577754068,0.019938650306748466,(o (MAX) ((. (LSI NT) (0 2)) (x (PCA INDEPENDENT) ((. (VSM T) (0 1)) (. (VSM T) (1 2)))))),0
HYBRID,all,LSI,VSM,INDEPENDENT,PCA,SUM,0.9999768316868385,0.9999743521349282,0.015337423312883436,(o (SUM) ((. (LSI NT) (0 2)) (x (PCA INDEPENDENT) ((. (VSM T) (0 1)) (. (VSM T) (1 2)))))),0
HYBRID,lower,VSM,VSM,GLOBAL,MAX,MAX,0.9328609187480923,0.9315868847077169,40.91104294478528,(o (MAX) ((. (VSM NT) (0 2)) (x (MAX GLOBAL) ((. (VSM NT) (0 1)) (. (VSM T) (1 2)))))),0
HYBRID,upper,VSM,VSM,GLOBAL,MAX,MAX,0.7084296170768003,0.7226593758335556,165.82055214723925,(o (MAX) ((. (VSM NT) (0 2)) (x (MAX GLOBAL) ((. (VSM T) (0 1)) (. (VSM NT) (1 2)))))),0
HYBRID,upper,VSM,LSI,GLOBAL,PCA,SUM,0.8287885734697324,0.8272949709666167,103.27760736196319,(o (SUM) ((. (VSM NT) (0 2)) (x (PCA GLOBAL) ((. (LSI T) (0 1)) (. (LSI NT) (1 2)))))),0
HYBRID,upper,VSM,VSM,GLOBAL,MAX,PCA,0.7632410696043144,0.7468735252477584,151.72852760736197,(o (PCA) ((. (VSM NT) (0 2)) (x (MAX GLOBAL) ((. (VSM T) (0 1)) (. (VSM NT) (1 2)))))),0
HYBRID,none,VSM,LSI,GLOBAL,SUM,SUM,0.7244799585415433,0.6937439727517082,183.14110429447854,(o (SUM) ((. (VSM NT) (0 2)) (x (SUM GLOBAL) ((. (LSI NT) (0 1)) (. (LSI NT) (1 2)))))),0
HYBRID,none,VSM,LSI,GLOBAL,SUM,PCA,0.7202997407656199,0.7032465067607773,177.4585889570552,(o (PCA) ((. (VSM NT) (0 2)) (x (SUM GLOBAL) ((. (LSI NT) (0 1)) (. (LSI NT) (1 2)))))),0
HYBRID,none,VSM,LSI,GLOBAL,PCA,MAX,0.5910882095637864,0.5643581878244455,260.5138036809816,(o (MAX) ((. (VSM NT) (0 2)) (x (PCA GLOBAL) ((. (LSI NT) (0 1)) (. (LSI NT) (1 2)))))),0
HYBRID,none,VSM,LSI,GLOBAL,PCA,SUM,0.6525781764619605,0.6281829000553993,222.34662576687117,(o (SUM) ((. (VSM NT) (0 2)) (x (PCA GLOBAL) ((. (LSI NT) (0 1)) (. (LSI NT) (1 2)))))),0
HYBRID,none,VSM,LSI,GLOBAL,PCA,PCA,0.681782345763942,0.6581036994480579,204.45398773006136,(o (PCA) ((. (VSM NT) (0 2)) (x (PCA GLOBAL) ((. (LSI NT) (0 1)) (. (LSI NT) (1 2)))))),0
HYBRID,none,VSM,LSI,INDEPENDENT,MAX,MAX,0.6583739176229488,0.6510992674969736,208.6426380368098,(o (MAX) ((. (VSM NT) (0 2)) (x (MAX INDEPENDENT) ((. (LSI NT) (0 1)) (. (LSI NT) (1 2)))))),0
HYBRID,none,VSM,LSI,GLOBAL,SUM,MAX,0.7122315704776541,0.6769061493321296,193.21012269938652,(o (MAX) ((. (VSM NT) (0 2)) (x (SUM GLOBAL) ((. (LSI NT) (0 1)) (. (LSI NT) (1 2)))))),0
HYBRID,none,VSM,LSI,INDEPENDENT,MAX,SUM,0.6835016943188889,0.679460676693272,191.68251533742333,(o (SUM) ((. (VSM NT) (0 2)) (x (MAX INDEPENDENT) ((. (LSI NT) (0 1)) (. (LSI NT) (1 2)))))),0
HYBRID,none,VSM,LSI,INDEPENDENT,SUM,MAX,0.7258581164348326,0.6956957752836654,181.97392638036808,(o (MAX) ((. (VSM NT) (0 2)) (x (SUM INDEPENDENT) ((. (LSI NT) (0 1)) (. (LSI NT) (1 2)))))),0
HYBRID,none,VSM,LSI,INDEPENDENT,SUM,SUM,0.7309862541320136,0.7051059769784762,176.34662576687117,(o (SUM) ((. (VSM NT) (0 2)) (x (SUM INDEPENDENT) ((. (LSI NT) (0 1)) (. (LSI NT) (1 2)))))),0
HYBRID,none,VSM,LSI,INDEPENDENT,SUM,PCA,0.7226154675610281,0.708488930381435,174.32361963190183,(o (PCA) ((. (VSM NT) (0 2)) (x (SUM INDEPENDENT) ((. (LSI NT) (0 1)) (. (LSI NT) (1 2)))))),0
HYBRID,none,VSM,LSI,INDEPENDENT,PCA,MAX,0.6186532825840384,0.6052716621868396,236.04754601226995,(o (MAX) ((. (VSM NT) (0 2)) (x (PCA INDEPENDENT) ((. (LSI NT) (0 1)) (. (LSI NT) (1 2)))))),0
HYBRID,none,VSM,LSI,INDEPENDENT,PCA,SUM,0.6692368887021491,0.6570931735642325,205.05828220858896,(o (SUM) ((. (VSM NT) (0 2)) (x (PCA INDEPENDENT) ((. (LSI NT) (0 1)) (. (LSI NT) (1 2)))))),0
HYBRID,none,VSM,LSI,INDEPENDENT,PCA,PCA,0.6982154391194055,0.6839182756427356,189.01687116564418,(o (PCA) ((. (VSM NT) (0 2)) (x (PCA INDEPENDENT) ((. (LSI NT) (0 1)) (. (LSI NT) (1 2)))))),0
HYBRID,none,VSM,LSI,INDEPENDENT,MAX,PCA,0.7105560672627675,0.7019512895746558,178.23312883435582,(o (PCA) ((. (VSM NT) (0 2)) (x (MAX INDEPENDENT) ((. (LSI NT) (0 1)) (. (LSI NT) (1 2)))))),0
HYBRID,none,LSI,VSM,GLOBAL,MAX,MAX,0.6900476669782165,0.6861624638365103,187.67484662576686,(o (MAX) ((. (LSI NT) (0 2)) (x (MAX GLOBAL) ((. (VSM NT) (0 1)) (. (VSM NT) (1 2)))))),0
HYBRID,none,VSM,LSI,GLOBAL,MAX,PCA,0.70831942449269,0.6994480579436567,179.73006134969324,(o (PCA) ((. (VSM NT) (0 2)) (x (MAX GLOBAL) ((. (LSI NT) (0 1)) (. (LSI NT) (1 2)))))),0
HYBRID,none,VSM,LSI,GLOBAL,MAX,MAX,0.6511894998135113,0.642263577979769,213.92638036809817,(o (MAX) ((. (VSM NT) (0 2)) (x (MAX GLOBAL) ((. (LSI NT) (0 1)) (. (LSI NT) (1 2)))))),0
HYBRID,none,VSM,VSM,GLOBAL,SUM,SUM,0.7326531815751719,0.7179529925928965,168.5245398773006,(o (SUM) ((. (VSM NT) (0 2)) (x (SUM GLOBAL) ((. (VSM NT) (0 1)) (. (VSM NT) (1 2)))))),0
HYBRID,none,VSM,VSM,GLOBAL,SUM,PCA,0.7212882000556116,0.7104971582165501,173.23926380368098,(o (PCA) ((. (VSM NT) (0 2)) (x (SUM GLOBAL) ((. (VSM NT) (0 1)) (. (VSM NT) (1 2)))))),0
HYBRID,none,VSM,VSM,GLOBAL,PCA,MAX,0.6695328799441908,0.6900199027432956,185.33895705521473,(o (MAX) ((. (VSM NT) (0 2)) (x (PCA GLOBAL) ((. (VSM NT) (0 1)) (. (VSM NT) (1 2)))))),0
HYBRID,none,VSM,VSM,GLOBAL,PCA,SUM,0.6907776018116198,0.7039543878367565,177.07515337423314,(o (SUM) ((. (VSM NT) (0 2)) (x (PCA GLOBAL) ((. (VSM NT) (0 1)) (. (VSM NT) (1 2)))))),0
HYBRID,none,VSM,VSM,GLOBAL,PCA,PCA,0.7128051844536487,0.7093019677042084,173.76840490797545,(o (PCA) ((. (VSM NT) (0 2)) (x (PCA GLOBAL) ((. (VSM NT) (0 1)) (. (VSM NT) (1 2)))))),0
HYBRID,none,VSM,VSM,INDEPENDENT,MAX,MAX,0.6889598446693277,0.6855340911422534,187.920245398773,(o (MAX) ((. (VSM NT) (0 2)) (x (MAX INDEPENDENT) ((. (VSM NT) (0 1)) (. (VSM NT) (1 2)))))),0
HYBRID,none,VSM,LSI,GLOBAL,MAX,SUM,0.679231683688085,0.673884830826682,195.01687116564418,(o (SUM) ((. (VSM NT) (0 2)) (x (MAX GLOBAL) ((. (LSI NT) (0 1)) (. (LSI NT) (1 2)))))),0
HYBRID,none,VSM,VSM,INDEPENDENT,MAX,SUM,0.7002275421041069,0.6981554055440427,180.46625766871165,(o (SUM) ((. (VSM NT) (0 2)) (x (MAX INDEPENDENT) ((. (VSM NT) (0 1)) (. (VSM NT) (1 2)))))),0
HYBRID,none,VSM,VSM,INDEPENDENT,SUM,MAX,0.7327761814513986,0.7178067997619879,168.98006134969324,(o (MAX) ((. (VSM NT) (0 2)) (x (SUM INDEPENDENT) ((. (VSM NT) (0 1)) (. (VSM NT) (1 2)))))),0
HYBRID,none,VSM,VSM,INDEPENDENT,SUM,SUM,0.7326531815751719,0.7179529925928965,168.5245398773006,(o (SUM) ((. (VSM NT) (0 2)) (x (SUM INDEPENDENT) ((. (VSM NT) (0 1)) (. (VSM NT) (1 2)))))),0
HYBRID,none,VSM,VSM,INDEPENDENT,SUM,PCA,0.7212882000556116,0.7104971582165501,173.23926380368098,(o (PCA) ((. (VSM NT) (0 2)) (x (SUM INDEPENDENT) ((. (VSM NT) (0 1)) (. (VSM NT) (1 2)))))),0
HYBRID,none,VSM,VSM,INDEPENDENT,PCA,MAX,0.6695328799441908,0.6900199027432956,185.33895705521473,(o (MAX) ((. (VSM NT) (0 2)) (x (PCA INDEPENDENT) ((. (VSM NT) (0 1)) (. (VSM NT) (1 2)))))),0
HYBRID,none,VSM,VSM,INDEPENDENT,PCA,SUM,0.6907776018116198,0.7039543878367565,177.07515337423314,(o (SUM) ((. (VSM NT) (0 2)) (x (PCA INDEPENDENT) ((. (VSM NT) (0 1)) (. (VSM NT) (1 2)))))),0
HYBRID,none,VSM,VSM,INDEPENDENT,PCA,PCA,0.7128051844536487,0.7093019677042084,173.76840490797545,(o (PCA) ((. (VSM NT) (0 2)) (x (PCA INDEPENDENT) ((. (VSM NT) (0 1)) (. (VSM NT) (1 2)))))),0
HYBRID,none,VSM,VSM,INDEPENDENT,MAX,PCA,0.7154423342373728,0.7082657939553112,174.37423312883436,(o (PCA) ((. (VSM NT) (0 2)) (x (MAX INDEPENDENT) ((. (VSM NT) (0 1)) (. (VSM NT) (1 2)))))),0
HYBRID,none,VSM,VSM,GLOBAL,SUM,MAX,0.7327761814513986,0.7178067997619879,168.98006134969324,(o (MAX) ((. (VSM NT) (0 2)) (x (SUM GLOBAL) ((. (VSM NT) (0 1)) (. (VSM NT) (1 2)))))),0
HYBRID,none,LSI,VSM,GLOBAL,MAX,SUM,0.6944475270706105,0.6885579744342081,186.24233128834356,(o (SUM) ((. (LSI NT) (0 2)) (x (MAX GLOBAL) ((. (VSM NT) (0 1)) (. (VSM NT) (1 2)))))),0
HYBRID,none,LSI,VSM,GLOBAL,SUM,MAX,0.718510760099897,0.6902148265178407,185.25153374233128,(o (MAX) ((. (LSI NT) (0 2)) (x (SUM GLOBAL) ((. (VSM NT) (0 1)) (. (VSM NT) (1 2)))))),0
HYBRID,none,LSI,LSI,GLOBAL,SUM,SUM,0.7235617912517216,0.6905969797074092,185.02300613496934,(o (SUM) ((. (LSI NT) (0 2)) (x (SUM GLOBAL) ((. (LSI NT) (0 1)) (. (LSI NT) (1 2)))))),0
HYBRID,none,LSI,LSI,GLOBAL,SUM,PCA,0.7142087915752712,0.6915921168721917,184.42791411042944,(o (PCA) ((. (LSI NT) (0 2)) (x (SUM GLOBAL) ((. (LSI NT) (0 1)) (. (LSI NT) (1 2)))))),0
HYBRID,none,LSI,LSI,GLOBAL,PCA,MAX,0.6015808404093512,0.5857767199458317,247.70552147239263,(o (MAX) ((. (LSI NT) (0 2)) (x (PCA GLOBAL) ((. (LSI NT) (0 1)) (. (LSI NT) (1 2)))))),0
HYBRID,none,LSI,LSI,GLOBAL,PCA,SUM,0.6353302887763052,0.6132763608757207,231.26073619631902,(o (SUM) ((. (LSI NT) (0 2)) (x (PCA GLOBAL) ((. (LSI NT) (0 1)) (. (LSI NT) (1 2)))))),0
HYBRID,none,LSI,LSI,GLOBAL,PCA,PCA,0.6676523510824244,0.6431227814596713,213.41257668711657,(o (PCA) ((. (LSI NT) (0 2)) (x (PCA GLOBAL) ((. (LSI NT) (0 1)) (. (LSI NT) (1 2)))))),0
HYBRID,none,LSI,LSI,INDEPENDENT,MAX,MAX,0.6648370444729057,0.6704710999856371,197.05828220858896,(o (MAX) ((. (LSI NT) (0 2)) (x (MAX INDEPENDENT) ((. (LSI NT) (0 1)) (. (LSI NT) (1 2)))))),0
HYBRID,none,LSI,LSI,GLOBAL,SUM,MAX,0.71348800138385,0.6864163777007202,187.52300613496934,(o (MAX) ((. (LSI NT) (0 2)) (x (SUM GLOBAL) ((. (LSI NT) (0 1)) (. (LSI NT) (1 2)))))),0
HYBRID,none,LSI,LSI,INDEPENDENT,MAX,SUM,0.6724013808829916,0.6670342860660278,199.11349693251535,(o (SUM) ((. (LSI NT) (0 2)) (x (MAX INDEPENDENT) ((. (LSI NT) (0 1)) (. (LSI NT) (1 2)))))),0
HYBRID,none,LSI,LSI,INDEPENDENT,SUM,MAX,0.7263996375123295,0.7045135112953198,176.70092024539878,(o (MAX) ((. (LSI NT) (0 2)) (x (SUM INDEPENDENT) ((. (LSI NT) (0 1)) (. (LSI NT) (1 2)))))),0
HYBRID,none,LSI,LSI,INDEPENDENT,SUM,SUM,0.730331738484163,0.7015152758684366,178.49386503067484,(o (SUM) ((. (LSI NT) (0 2)) (x (SUM INDEPENDENT) ((. (LSI NT) (0 1)) (. (LSI NT) (1 2)))))),0
HYBRID,none,LSI,LSI,INDEPENDENT,SUM,PCA,0.7163598946187602,0.6951905123417526,182.27607361963192,(o (PCA) ((. (LSI NT) (0 2)) (x (SUM INDEPENDENT) ((. (LSI NT) (0 1)) (. (LSI NT) (1 2)))))),0
HYBRID,none,LSI,LSI,INDEPENDENT,PCA,MAX,0.6280679777013916,0.6246204115969387,224.47699386503066,(o (MAX) ((. (LSI NT) (0 2)) (x (PCA INDEPENDENT) ((. (LSI NT) (0 1)) (. (LSI NT) (1 2)))))),0
HYBRID,none,LSI,LSI,INDEPENDENT,PCA,SUM,0.656772059238694,0.6467827318054045,211.22392638036808,(o (SUM) ((. (LSI NT) (0 2)) (x (PCA INDEPENDENT) ((. (LSI NT) (0 1)) (. (LSI NT) (1 2)))))),0
HYBRID,none,LSI,LSI,INDEPENDENT,PCA,PCA,0.6872342209886896,0.6698273385723372,197.44325153374234,(o (PCA) ((. (LSI NT) (0 2)) (x (PCA INDEPENDENT) ((. (LSI NT) (0 1)) (. (LSI NT) (1 2)))))),0
HYBRID,none,LSI,LSI,INDEPENDENT,MAX,PCA,0.6982891226942509,0.6830282947247471,189.54907975460122,(o (PCA) ((. (LSI NT) (0 2)) (x (MAX INDEPENDENT) ((. (LSI NT) (0 1)) (. (LSI NT) (1 2)))))),0
HYBRID,none,LSI,VSM,GLOBAL,MAX,PCA,0.7049272681972767,0.6902148265178407,185.25153374233128,(o (PCA) ((. (LSI NT) (0 2)) (x (MAX GLOBAL) ((. (VSM NT) (0 1)) (. (VSM NT) (1 2)))))),0
HYBRID,none,LSI,LSI,GLOBAL,MAX,PCA,0.6953605734653574,0.6786040379998768,192.19478527607362,(o (PCA) ((. (LSI NT) (0 2)) (x (MAX GLOBAL) ((. (LSI NT) (0 1)) (. (LSI NT) (1 2)))))),0
HYBRID,none,LSI,LSI,GLOBAL,MAX,MAX,0.6563738783538426,0.6584448160535118,204.25,(o (MAX) ((. (LSI NT) (0 2)) (x (MAX GLOBAL) ((. (LSI NT) (0 1)) (. (LSI NT) (1 2)))))),0
HYBRID,none,LSI,VSM,GLOBAL,SUM,SUM,0.7316909256221964,0.7112076040790364,172.6978527607362,(o (SUM) ((. (LSI NT) (0 2)) (x (SUM GLOBAL) ((. (VSM NT) (0 1)) (. (VSM NT) (1 2)))))),0
HYBRID,none,LSI,VSM,GLOBAL,SUM,PCA,0.7130853620575787,0.694085089357162,182.93711656441718,(o (PCA) ((. (LSI NT) (0 2)) (x (SUM GLOBAL) ((. (VSM NT) (0 1)) (. (VSM NT) (1 2)))))),0
HYBRID,none,LSI,VSM,GLOBAL,PCA,MAX,0.6586287129870051,0.6604453495291052,203.05368098159508,(o (MAX) ((. (LSI NT) (0 2)) (x (PCA GLOBAL) ((. (VSM NT) (0 1)) (. (VSM NT) (1 2)))))),0
HYBRID,none,LSI,VSM,GLOBAL,PCA,SUM,0.6792302348285838,0.6892017358475081,185.8573619631902,(o (SUM) ((. (LSI NT) (0 2)) (x (PCA GLOBAL) ((. (VSM NT) (0 1)) (. (VSM NT) (1 2)))))),0
HYBRID,none,LSI,VSM,GLOBAL,PCA,PCA,0.7000967775847453,0.6874474218766029,186.9064417177914,(o (PCA) ((. (LSI NT) (0 2)) (x (PCA GLOBAL) ((. (VSM NT) (0 1)) (. (VSM NT) (1 2)))))),0
HYBRID,none,LSI,VSM,INDEPENDENT,MAX,MAX,0.6900476669782165,0.6861624638365103,187.67484662576686,(o (MAX) ((. (LSI NT) (0 2)) (x (MAX INDEPENDENT) ((. (VSM NT) (0 1)) (. (VSM NT) (1 2)))))),0
HYBRID,none,LSI,LSI,GLOBAL,MAX,SUM,0.6672707876806523,0.6590218930176251,203.90490797546013,(o (SUM) ((. (LSI NT) (0 2)) (x (MAX GLOBAL) ((. (LSI NT) (0 1)) (. (LSI NT) (1 2)))))),0
HYBRID,none,LSI,VSM,INDEPENDENT,MAX,SUM,0.6944475270706105,0.6885579744342081,186.24233128834356,(o (SUM) ((. (LSI NT) (0 2)) (x (MAX INDEPENDENT) ((. (VSM NT) (0 1)) (. (VSM NT) (1 2)))))),0
HYBRID,none,LSI,VSM,INDEPENDENT,SUM,MAX,0.718510760099897,0.6902148265178407,185.25153374233128,(o (MAX) ((. (LSI NT) (0 2)) (x (SUM INDEPENDENT) ((. (VSM NT) (0 1)) (. (VSM NT) (1 2)))))),0
HYBRID,none,LSI,VSM,INDEPENDENT,SUM,SUM,0.7316909256221964,0.7112076040790364,172.6978527607362,(o (SUM) ((. (LSI NT) (0 2)) (x (SUM INDEPENDENT) ((. (VSM NT) (0 1)) (. (VSM NT) (1 2)))))),0
HYBRID,none,LSI,VSM,INDEPENDENT,SUM,PCA,0.7130853620575787,0.694085089357162,182.93711656441718,(o (PCA) ((. (LSI NT) (0 2)) (x (SUM INDEPENDENT) ((. (VSM NT) (0 1)) (. (VSM NT) (1 2)))))),0
HYBRID,none,LSI,VSM,INDEPENDENT,PCA,MAX,0.6586287129870051,0.6604453495291052,203.05368098159508,(o (MAX) ((. (LSI NT) (0 2)) (x (PCA INDEPENDENT) ((. (VSM NT) (0 1)) (. (VSM NT) (1 2)))))),0
HYBRID,none,LSI,VSM,INDEPENDENT,PCA,SUM,0.6792302348285838,0.6892017358475081,185.8573619631902,(o (SUM) ((. (LSI NT) (0 2)) (x (PCA INDEPENDENT) ((. (VSM NT) (0 1)) (. (VSM NT) (1 2)))))),0
HYBRID,none,LSI,VSM,INDEPENDENT,PCA,PCA,0.7000967775847453,0.6874474218766029,186.9064417177914,(o (PCA) ((. (LSI NT) (0 2)) (x (PCA INDEPENDENT) ((. (VSM NT) (0 1)) (. (VSM NT) (1 2)))))),0
HYBRID,none,LSI,VSM,INDEPENDENT,MAX,PCA,0.7049272681972767,0.6902148265178407,185.25153374233128,(o (PCA) ((. (LSI NT) (0 2)) (x (MAX INDEPENDENT) ((. (VSM NT) (0 1)) (. (VSM NT) (1 2)))))),0
HYBRID,none,VSM,VSM,GLOBAL,MAX,PCA,0.7154423342373728,0.7082657939553112,174.37423312883436,(o (PCA) ((. (VSM NT) (0 2)) (x (MAX GLOBAL) ((. (VSM NT) (0 1)) (. (VSM NT) (1 2)))))),0
HYBRID,none,VSM,VSM,GLOBAL,MAX,SUM,0.7002275421041069,0.6981554055440427,180.46625766871165,(o (SUM) ((. (VSM NT) (0 2)) (x (MAX GLOBAL) ((. (VSM NT) (0 1)) (. (VSM NT) (1 2)))))),0
HYBRID,none,VSM,VSM,GLOBAL,MAX,MAX,0.6889598446693277,0.6855340911422534,187.920245398773,(o (MAX) ((. (VSM NT) (0 2)) (x (MAX GLOBAL) ((. (VSM NT) (0 1)) (. (VSM NT) (1 2)))))),0
HYBRID,upper,VSM,LSI,GLOBAL,SUM,MAX,0.8658232016815878,0.8377618647023822,97.01840490797547,(o (MAX) ((. (VSM NT) (0 2)) (x (SUM GLOBAL) ((. (LSI T) (0 1)) (. (LSI NT) (1 2)))))),0
HYBRID,upper,VSM,LSI,GLOBAL,SUM,SUM,0.8526820970113022,0.8461897531649466,91.97852760736197,(o (SUM) ((. (VSM NT) (0 2)) (x (SUM GLOBAL) ((. (LSI T) (0 1)) (. (LSI NT) (1 2)))))),0
HYBRID,upper,VSM,LSI,GLOBAL,SUM,PCA,0.8141695987204545,0.8098056917742168,113.7361963190184,(o (PCA) ((. (VSM NT) (0 2)) (x (SUM GLOBAL) ((. (LSI T) (0 1)) (. (LSI NT) (1 2)))))),0
HYBRID,upper,VSM,LSI,GLOBAL,PCA,MAX,0.8113607555863691,0.8056353489135565,116.23006134969326,(o (MAX) ((. (VSM NT) (0 2)) (x (PCA GLOBAL) ((. (LSI T) (0 1)) (. (LSI NT) (1 2)))))),0
HYBRID,all,VSM,VSM,GLOBAL,MAX,SUM,1.0,1.0,0.0,(o (SUM) ((. (VSM NT) (0 2)) (x (MAX GLOBAL) ((. (VSM T) (0 1)) (. (VSM T) (1 2)))))),0
HYBRID,upper,VSM,LSI,GLOBAL,PCA,PCA,0.7959177018734245,0.7918803988755976,124.45552147239263,(o (PCA) ((. (VSM NT) (0 2)) (x (PCA GLOBAL) ((. (LSI T) (0 1)) (. (LSI NT) (1 2)))))),0
HYBRID,upper,VSM,LSI,GLOBAL,MAX,PCA,0.7471694611277572,0.7377454500687363,156.82822085889572,(o (PCA) ((. (VSM NT) (0 2)) (x (MAX GLOBAL) ((. (LSI T) (0 1)) (. (LSI NT) (1 2)))))),0
HYBRID,upper,VSM,LSI,INDEPENDENT,MAX,MAX,0.6383022632731788,0.6824024868169973,189.92331288343559,(o (MAX) ((. (VSM NT) (0 2)) (x (MAX INDEPENDENT) ((. (LSI T) (0 1)) (. (LSI NT) (1 2)))))),0
HYBRID,upper,VSM,LSI,INDEPENDENT,MAX,PCA,0.7471694611277572,0.7377454500687363,156.82822085889572,(o (PCA) ((. (VSM NT) (0 2)) (x (MAX INDEPENDENT) ((. (LSI T) (0 1)) (. (LSI NT) (1 2)))))),0
HYBRID,upper,VSM,LSI,INDEPENDENT,SUM,MAX,0.8669933639918767,0.8389801382932885,96.2898773006135,(o (MAX) ((. (VSM NT) (0 2)) (x (SUM INDEPENDENT) ((. (LSI T) (0 1)) (. (LSI NT) (1 2)))))),0
HYBRID,upper,VSM,LSI,INDEPENDENT,SUM,SUM,0.8525426947597486,0.8470053552742269,91.49079754601227,(o (SUM) ((. (VSM NT) (0 2)) (x (SUM INDEPENDENT) ((. (LSI T) (0 1)) (. (LSI NT) (1 2)))))),0
HYBRID,upper,VSM,LSI,INDEPENDENT,SUM,PCA,0.8194960734823844,0.8160022159755421,110.03067484662577,(o (PCA) ((. (VSM NT) (0 2)) (x (SUM INDEPENDENT) ((. (LSI T) (0 1)) (. (LSI NT) (1 2)))))),0
HYBRID,upper,VSM,LSI,INDEPENDENT,PCA,MAX,0.8519788567167245,0.8253867698052815,104.41871165644172,(o (MAX) ((. (VSM NT) (0 2)) (x (PCA INDEPENDENT) ((. (LSI T) (0 1)) (. (LSI NT) (1 2)))))),0
HYBRID,upper,VSM,LSI,INDEPENDENT,PCA,SUM,0.8444178900318168,0.8357998030243963,98.19171779141104,(o (SUM) ((. (VSM NT) (0 2)) (x (PCA INDEPENDENT) ((. (LSI T) (0 1)) (. (LSI NT) (1 2)))))),0
HYBRID,upper,VSM,LSI,INDEPENDENT,MAX,SUM,0.7264198317739234,0.7327005150091306,159.84509202453987,(o (SUM) ((. (VSM NT) (0 2)) (x (MAX INDEPENDENT) ((. (LSI T) (0 1)) (. (LSI NT) (1 2)))))),0
HYBRID,upper,VSM,LSI,INDEPENDENT,PCA,PCA,0.8122150338397316,0.8056327841270492,116.23159509202453,(o (PCA) ((. (VSM NT) (0 2)) (x (PCA INDEPENDENT) ((. (LSI T) (0 1)) (. (LSI NT) (1 2)))))),0
HYBRID,upper,VSM,LSI,GLOBAL,MAX,SUM,0.7264198317739234,0.7327005150091306,159.84509202453987,(o (SUM) ((. (VSM NT) (0 2)) (x (MAX GLOBAL) ((. (LSI T) (0 1)) (. (LSI NT) (1 2)))))),0
HYBRID,upper,VSM,VSM,INDEPENDENT,PCA,PCA,0.7738694061549094,0.7598051788169152,143.82668711656441,(o (PCA) ((. (VSM NT) (0 2)) (x (PCA INDEPENDENT) ((. (VSM T) (0 1)) (. (VSM NT) (1 2)))))),0
HYBRID,upper,VSM,VSM,GLOBAL,SUM,MAX,0.8517466929785904,0.8160176046945852,110.36349693251533,(o (MAX) ((. (VSM NT) (0 2)) (x (SUM GLOBAL) ((. (VSM T) (0 1)) (. (VSM NT) (1 2)))))),0
HYBRID,upper,VSM,VSM,GLOBAL,SUM,SUM,0.8433089586297711,0.8183438660565895,109.01993865030674,(o (SUM) ((. (VSM NT) (0 2)) (x (SUM GLOBAL) ((. (VSM T) (0 1)) (. (VSM NT) (1 2)))))),0
HYBRID,upper,VSM,VSM,GLOBAL,SUM,PCA,0.7886180303751855,0.7774739930648173,133.2254601226994,(o (PCA) ((. (VSM NT) (0 2)) (x (SUM GLOBAL) ((. (VSM T) (0 1)) (. (VSM NT) (1 2)))))),0
HYBRID,upper,VSM,VSM,GLOBAL,PCA,MAX,0.8103277002490906,0.7799797894823235,131.76840490797545,(o (MAX) ((. (VSM NT) (0 2)) (x (PCA GLOBAL) ((. (VSM T) (0 1)) (. (VSM NT) (1 2)))))),0
HYBRID,upper,VSM,VSM,GLOBAL,PCA,SUM,0.8230724419390583,0.7878793319244105,127.18251533742331,(o (SUM) ((. (VSM NT) (0 2)) (x (PCA GLOBAL) ((. (VSM T) (0 1)) (. (VSM NT) (1 2)))))),0
HYBRID,upper,VSM,VSM,GLOBAL,PCA,PCA,0.7738694061549094,0.7598051788169152,143.82668711656441,(o (PCA) ((. (VSM NT) (0 2)) (x (PCA GLOBAL) ((. (VSM T) (0 1)) (. (VSM NT) (1 2)))))),0
HYBRID,upper,VSM,LSI,GLOBAL,MAX,MAX,0.6383022632731788,0.6824024868169973,189.92331288343559,(o (MAX) ((. (VSM NT) (0 2)) (x (MAX GLOBAL) ((. (LSI T) (0 1)) (. (LSI NT) (1 2)))))),0
HYBRID,upper,VSM,VSM,INDEPENDENT,MAX,MAX,0.7084296170768003,0.7226593758335556,165.82055214723925,(o (MAX) ((. (VSM NT) (0 2)) (x (MAX INDEPENDENT) ((. (VSM T) (0 1)) (. (VSM NT) (1 2)))))),0
HYBRID,upper,VSM,VSM,INDEPENDENT,MAX,PCA,0.7632410696043144,0.7468735252477584,151.72852760736197,(o (PCA) ((. (VSM NT) (0 2)) (x (MAX INDEPENDENT) ((. (VSM T) (0 1)) (. (VSM NT) (1 2)))))),0
HYBRID,upper,VSM,VSM,INDEPENDENT,SUM,MAX,0.8517466929785904,0.8160176046945852,110.36349693251533,(o (MAX) ((. (VSM NT) (0 2)) (x (SUM INDEPENDENT) ((. (VSM T) (0 1)) (. (VSM NT) (1 2)))))),0
HYBRID,upper,VSM,VSM,INDEPENDENT,SUM,SUM,0.8433089586297711,0.8183438660565895,109.01993865030674,(o (SUM) ((. (VSM NT) (0 2)) (x (SUM INDEPENDENT) ((. (VSM T) (0 1)) (. (VSM NT) (1 2)))))),0
HYBRID,upper,VSM,VSM,INDEPENDENT,SUM,PCA,0.7886180303751855,0.7774739930648173,133.2254601226994,(o (PCA) ((. (VSM NT) (0 2)) (x (SUM INDEPENDENT) ((. (VSM T) (0 1)) (. (VSM NT) (1 2)))))),0
HYBRID,upper,VSM,VSM,INDEPENDENT,PCA,MAX,0.8103277002490906,0.7799797894823235,131.76840490797545,(o (MAX) ((. (VSM NT) (0 2)) (x (PCA INDEPENDENT) ((. (VSM T) (0 1)) (. (VSM NT) (1 2)))))),0
HYBRID,upper,VSM,VSM,INDEPENDENT,PCA,SUM,0.8230724419390583,0.7878793319244105,127.18251533742331,(o (SUM) ((. (VSM NT) (0 2)) (x (PCA INDEPENDENT) ((. (VSM T) (0 1)) (. (VSM NT) (1 2)))))),0
HYBRID,upper,VSM,VSM,INDEPENDENT,MAX,SUM,0.7532599698451782,0.7442497486509223,153.34815950920245,(o (SUM) ((. (VSM NT) (0 2)) (x (MAX INDEPENDENT) ((. (VSM T) (0 1)) (. (VSM NT) (1 2)))))),0
HYBRID,upper,LSI,VSM,GLOBAL,MAX,MAX,0.7064414096043745,0.7171707327082093,169.1319018404908,(o (MAX) ((. (LSI NT) (0 2)) (x (MAX GLOBAL) ((. (VSM T) (0 1)) (. (VSM NT) (1 2)))))),0
HYBRID,upper,LSI,VSM,GLOBAL,MAX,SUM,0.7465381813508647,0.7430725116441308,153.6426380368098,(o (SUM) ((. (LSI NT) (0 2)) (x (MAX GLOBAL) ((. (VSM T) (0 1)) (. (VSM NT) (1 2)))))),0
HYBRID,upper,LSI,VSM,GLOBAL,MAX,PCA,0.7582778111845254,0.7468145351580935,151.40490797546013,(o (PCA) ((. (LSI NT) (0 2)) (x (MAX GLOBAL) ((. (VSM T) (0 1)) (. (VSM NT) (1 2)))))),0
HYBRID,upper,LSI,LSI,GLOBAL,SUM,SUM,0.8511327532843321,0.8422887128875391,94.31134969325153,(o (SUM) ((. (LSI NT) (0 2)) (x (SUM GLOBAL) ((. (LSI T) (0 1)) (. (LSI NT) (1 2)))))),0
HYBRID,upper,LSI,LSI,GLOBAL,SUM,PCA,0.8188382132391543,0.8141581344768861,111.13343558282209,(o (PCA) ((. (LSI NT) (0 2)) (x (SUM GLOBAL) ((. (LSI T) (0 1)) (. (LSI NT) (1 2)))))),0
HYBRID,upper,LSI,LSI,GLOBAL,PCA,MAX,0.8079219256555882,0.8039579785378665,117.23312883435582,(o (MAX) ((. (LSI NT) (0 2)) (x (PCA GLOBAL) ((. (LSI T) (0 1)) (. (LSI NT) (1 2)))))),0
HYBRID,upper,LSI,LSI,GLOBAL,PCA,SUM,0.8265240501777975,0.8245737324825082,104.90490797546012,(o (SUM) ((. (LSI NT) (0 2)) (x (PCA GLOBAL) ((. (LSI T) (0 1)) (. (LSI NT) (1 2)))))),0
HYBRID,upper,LSI,LSI,GLOBAL,PCA,PCA,0.7968684989359064,0.7940066068900425,123.1840490797546,(o (PCA) ((. (LSI NT) (0 2)) (x (PCA GLOBAL) ((. (LSI T) (0 1)) (. (LSI NT) (1 2)))))),0
HYBRID,upper,LSI,LSI,INDEPENDENT,MAX,MAX,0.6367745999899033,0.6793914274575784,191.72392638036808,(o (MAX) ((. (LSI NT) (0 2)) (x (MAX INDEPENDENT) ((. (LSI T) (0 1)) (. (LSI NT) (1 2)))))),0
HYBRID,upper,LSI,LSI,GLOBAL,SUM,MAX,0.8644733034233119,0.8365128136733898,97.76533742331289,(o (MAX) ((. (LSI NT) (0 2)) (x (SUM GLOBAL) ((. (LSI T) (0 1)) (. (LSI NT) (1 2)))))),0
HYBRID,upper,LSI,LSI,INDEPENDENT,MAX,SUM,0.7071215321911903,0.7267989412561299,163.37423312883436,(o (SUM) ((. (LSI NT) (0 2)) (x (MAX INDEPENDENT) ((. (LSI T) (0 1)) (. (LSI NT) (1 2)))))),0
HYBRID,upper,LSI,LSI,INDEPENDENT,SUM,MAX,0.8656391008476518,0.837985001128506,96.88496932515338,(o (MAX) ((. (LSI NT) (0 2)) (x (SUM INDEPENDENT) ((. (LSI T) (0 1)) (. (LSI NT) (1 2)))))),0
HYBRID,upper,LSI,LSI,INDEPENDENT,SUM,SUM,0.850829280164459,0.8424810718755772,94.1963190184049,(o (SUM) ((. (LSI NT) (0 2)) (x (SUM INDEPENDENT) ((. (LSI T) (0 1)) (. (LSI NT) (1 2)))))),0
HYBRID,upper,LSI,LSI,INDEPENDENT,SUM,PCA,0.8229383844182878,0.8200135420727579,107.6319018404908,(o (PCA) ((. (LSI NT) (0 2)) (x (SUM INDEPENDENT) ((. (LSI T) (0 1)) (. (LSI NT) (1 2)))))),0
HYBRID,upper,LSI,LSI,INDEPENDENT,PCA,MAX,0.8481079830667441,0.8239787020128445,105.26073619631902,(o (MAX) ((. (LSI NT) (0 2)) (x (PCA INDEPENDENT) ((. (LSI T) (0 1)) (. (LSI NT) (1 2)))))),0
HYBRID,upper,LSI,LSI,INDEPENDENT,PCA,SUM,0.843718681236513,0.8334966247409565,99.56901840490798,(o (SUM) ((. (LSI NT) (0 2)) (x (PCA INDEPENDENT) ((. (LSI T) (0 1)) (. (LSI NT) (1 2)))))),0
HYBRID,upper,LSI,LSI,INDEPENDENT,PCA,PCA,0.8141169365909153,0.8107880050064632,113.14877300613497,(o (PCA) ((. (LSI NT) (0 2)) (x (PCA INDEPENDENT) ((. (LSI T) (0 1)) (. (LSI NT) (1 2)))))),0
HYBRID,upper,LSI,LSI,INDEPENDENT,MAX,PCA,0.7357043668317093,0.7345189486427149,158.75766871165644,(o (PCA) ((. (LSI NT) (0 2)) (x (MAX INDEPENDENT) ((. (LSI T) (0 1)) (. (LSI NT) (1 2)))))),0
HYBRID,upper,LSI,LSI,GLOBAL,MAX,PCA,0.7357043668317093,0.7345189486427149,158.75766871165644,(o (PCA) ((. (LSI NT) (0 2)) (x (MAX GLOBAL) ((. (LSI T) (0 1)) (. (LSI NT) (1 2)))))),0
HYBRID,upper,LSI,LSI,GLOBAL,MAX,SUM,0.7071215321911903,0.7267989412561299,163.37423312883436,(o (SUM) ((. (LSI NT) (0 2)) (x (MAX GLOBAL) ((. (LSI T) (0 1)) (. (LSI NT) (1 2)))))),0
HYBRID,upper,LSI,LSI,GLOBAL,MAX,MAX,0.6367745999899033,0.6793914274575784,191.72392638036808,(o (MAX) ((. (LSI NT) (0 2)) (x (MAX GLOBAL) ((. (LSI T) (0 1)) (. (LSI NT) (1 2)))))),0
HYBRID,upper,LSI,VSM,GLOBAL,SUM,MAX,0.8392926629357216,0.796322609106018,121.79907975460122,(o (MAX) ((. (LSI NT) (0 2)) (x (SUM GLOBAL) ((. (VSM T) (0 1)) (. (VSM NT) (1 2)))))),0
HYBRID,upper,LSI,VSM,GLOBAL,SUM,SUM,0.8480489392302029,0.8209471243613682,107.07361963190183,(o (SUM) ((. (LSI NT) (0 2)) (x (SUM GLOBAL) ((. (VSM T) (0 1)) (. (VSM NT) (1 2)))))),0
HYBRID,upper,LSI,VSM,GLOBAL,SUM,PCA,0.7957958660228396,0.777245727065679,133.20705521472394,(o (PCA) ((. (LSI NT) (0 2)) (x (SUM GLOBAL) ((. (VSM T) (0 1)) (. (VSM NT) (1 2)))))),0
HYBRID,upper,LSI,VSM,GLOBAL,PCA,MAX,0.7970045304612061,0.7580534296325174,144.6840490797546,(o (MAX) ((. (LSI NT) (0 2)) (x (PCA GLOBAL) ((. (VSM T) (0 1)) (. (VSM NT) (1 2)))))),0
HYBRID,upper,LSI,VSM,GLOBAL,PCA,SUM,0.825796890562631,0.788620555224983,126.40490797546012,(o (SUM) ((. (LSI NT) (0 2)) (x (PCA GLOBAL) ((. (VSM T) (0 1)) (. (VSM NT) (1 2)))))),0
HYBRID,upper,LSI,VSM,GLOBAL,PCA,PCA,0.7766372426108297,0.7520697827112871,148.26226993865032,(o (PCA) ((. (LSI NT) (0 2)) (x (PCA GLOBAL) ((. (VSM T) (0 1)) (. (VSM NT) (1 2)))))),0
HYBRID,upper,LSI,VSM,INDEPENDENT,MAX,MAX,0.7064414096043745,0.7171707327082093,169.1319018404908,(o (MAX) ((. (LSI NT) (0 2)) (x (MAX INDEPENDENT) ((. (VSM T) (0 1)) (. (VSM NT) (1 2)))))),0
HYBRID,upper,LSI,VSM,INDEPENDENT,MAX,SUM,0.7465381813508647,0.7430725116441308,153.6426380368098,(o (SUM) ((. (LSI NT) (0 2)) (x (MAX INDEPENDENT) ((. (VSM T) (0 1)) (. (VSM NT) (1 2)))))),0
HYBRID,upper,LSI,VSM,INDEPENDENT,MAX,PCA,0.7582778111845254,0.7468145351580935,151.40490797546013,(o (PCA) ((. (LSI NT) (0 2)) (x (MAX INDEPENDENT) ((. (VSM T) (0 1)) (. (VSM NT) (1 2)))))),0
HYBRID,upper,LSI,VSM,INDEPENDENT,SUM,MAX,0.8392926629357216,0.7963226091060179,121.79907975460122,(o (MAX) ((. (LSI NT) (0 2)) (x (SUM INDEPENDENT) ((. (VSM T) (0 1)) (. (VSM NT) (1 2)))))),0
HYBRID,upper,LSI,VSM,INDEPENDENT,SUM,SUM,0.8480489392302029,0.8209471243613682,107.07361963190183,(o (SUM) ((. (LSI NT) (0 2)) (x (SUM INDEPENDENT) ((. (VSM T) (0 1)) (. (VSM NT) (1 2)))))),0
HYBRID,upper,LSI,VSM,INDEPENDENT,SUM,PCA,0.7957958660228396,0.777245727065679,133.20705521472394,(o (PCA) ((. (LSI NT) (0 2)) (x (SUM INDEPENDENT) ((. (VSM T) (0 1)) (. (VSM NT) (1 2)))))),0
HYBRID,upper,LSI,VSM,INDEPENDENT,PCA,MAX,0.7970045304612061,0.7580534296325174,144.6840490797546,(o (MAX) ((. (LSI NT) (0 2)) (x (PCA INDEPENDENT) ((. (VSM T) (0 1)) (. (VSM NT) (1 2)))))),0
HYBRID,upper,LSI,VSM,INDEPENDENT,PCA,SUM,0.825796890562631,0.788620555224983,126.40490797546012,(o (SUM) ((. (LSI NT) (0 2)) (x (PCA INDEPENDENT) ((. (VSM T) (0 1)) (. (VSM NT) (1 2)))))),0
HYBRID,upper,LSI,VSM,INDEPENDENT,PCA,PCA,0.7766372426108297,0.7520697827112871,148.26226993865032,(o (PCA) ((. (LSI NT) (0 2)) (x (PCA INDEPENDENT) ((. (VSM T) (0 1)) (. (VSM NT) (1 2)))))),0
HYBRID,upper,VSM,VSM,GLOBAL,MAX,SUM,0.7532599698451782,0.7442497486509223,153.34815950920245,(o (SUM) ((. (VSM NT) (0 2)) (x (MAX GLOBAL) ((. (VSM T) (0 1)) (. (VSM NT) (1 2)))))),0
HYBRID,all,VSM,VSM,GLOBAL,MAX,MAX,1.0,1.0,0.0,(o (MAX) ((. (VSM NT) (0 2)) (x (MAX GLOBAL) ((. (VSM T) (0 1)) (. (VSM T) (1 2)))))),0
