dataset,technique_type,query_index,metric,query_id,metric_score
Drone,HYBRID,0,AP,0,0.29620402218142217
Drone,HYBRID,21,AP,44,0.40191956033980436
Drone,HYBRID,20,AP,41,0.40290295924332375
Drone,HYBRID,19,AP,39,0.38093184715703127
Drone,HYBRID,28,AUC,53,0.7363109354413702
Drone,HYBRID,1,LAG_NORMALIZED_INVERTED,2,0.3609375
Drone,HYBRID,13,AUC,26,0.5682819383259912
Drone,HYBRID,1,AUC,2,0.6327536231884058
Drone,HYBRID,2,AUC,3,0.6360474308300395
Drone,HYBRID,3,AUC,4,0.658129117259552
Drone,HYBRID,22,AP,45,0.4271200179174051
Drone,HYBRID,4,AUC,6,0.6529512516469038
Drone,HYBRID,6,AUC,8,0.648695652173913
Drone,HYBRID,7,AUC,9,0.6483003952569169
Drone,HYBRID,2,LAG_NORMALIZED_INVERTED,3,0.3668560606060607
Drone,HYBRID,3,LAG_NORMALIZED_INVERTED,4,0.406534090909091
Drone,HYBRID,4,LAG_NORMALIZED_INVERTED,6,0.39706439393939397
Drone,HYBRID,5,LAG_NORMALIZED_INVERTED,7,0.37021780303030305
Drone,HYBRID,6,LAG_NORMALIZED_INVERTED,8,0.3895833333333334
Drone,DIRECT,13,LAG_NORMALIZED_INVERTED,26,0.08333333333333337
Drone,DIRECT,14,LAG_NORMALIZED_INVERTED,27,0.33977272727272745
Drone,HYBRID,5,AUC,7,0.6379183135704874
Drone,DIRECT,15,LAG_NORMALIZED_INVERTED,28,0.1962121212121214
Drone,HYBRID,23,AP,48,0.4414525265213973
Drone,HYBRID,25,AP,50,0.4193277813594488
Drone,DIRECT,6,AUC,8,0.609802371541502
Drone,DIRECT,5,AUC,7,0.598129117259552
Drone,DIRECT,4,AUC,6,0.5877997364953886
Drone,DIRECT,3,AUC,4,0.6334914361001316
Drone,HYBRID,15,LAG_NORMALIZED_INVERTED,28,0.39952651515151516
Drone,DIRECT,2,AUC,3,0.5883267457180501
Drone,DIRECT,13,AUC,26,0.6035242290748899
Drone,HYBRID,26,LAG_NORMALIZED_INVERTED,51,0.9947916666666666
Drone,HYBRID,13,LAG_NORMALIZED_INVERTED,26,1.1102230246251565e-16
Drone,HYBRID,24,AP,49,0.40651064159686506
Drone,HYBRID,28,LAG_NORMALIZED_INVERTED,53,0.5470170454545455
Drone,HYBRID,11,AUC,23,0.6907509881422925
Drone,HYBRID,10,AUC,16,0.6370223978919631
Drone,HYBRID,9,AUC,15,0.6015283267457181
Drone,HYBRID,8,AUC,10,0.644163372859025
Drone,HYBRID,27,LAG_NORMALIZED_INVERTED,52,0.5227272727272727
Drone,HYBRID,29,AUC,54,0.7025032938076416
Drone,HYBRID,12,LAG_NORMALIZED_INVERTED,24,0.37864583333333346
Drone,HYBRID,0,LAG_NORMALIZED_INVERTED,0,0.3568181818181819
Drone,DIRECT,29,AP,54,0.3410207744599363
Drone,HYBRID,29,LAG_NORMALIZED_INVERTED,54,0.48626893939393945
Drone,DIRECT,7,AUC,9,0.6144137022397892
Drone,HYBRID,7,LAG_NORMALIZED_INVERTED,9,0.3888731060606061
Drone,HYBRID,9,LAG_NORMALIZED_INVERTED,15,0.30482954545454555
Drone,DIRECT,24,AP,49,0.3505558620740291
Drone,DIRECT,23,AP,48,0.39810779912098077
Drone,DIRECT,22,AP,45,0.39030246727777773
Drone,DIRECT,21,AP,44,0.3366424912532501
Drone,DIRECT,20,AP,41,0.3627684233747128
Drone,DIRECT,19,AP,39,0.33742226419498406
Drone,DIRECT,18,AP,37,0.3551220501504475
Drone,DIRECT,17,AP,35,0.4895583468623147
Drone,DIRECT,16,AP,29,0.2639994575836147
Drone,DIRECT,25,AP,50,0.38355640043615963
Drone,DIRECT,4,AP,6,0.3544243585905201
Drone,DIRECT,13,AP,26,0.0055248618784530384
Drone,DIRECT,11,AP,23,0.3995366580049112
Drone,DIRECT,10,AP,16,0.4051342956930387
Drone,DIRECT,9,AP,15,0.2876231103287201
Drone,DIRECT,8,AP,10,0.3919094999979531
Drone,DIRECT,7,AP,9,0.37417534458558976
Drone,DIRECT,6,AP,8,0.38694494459074724
Drone,DIRECT,5,AP,7,0.39850888902590254
Drone,DIRECT,3,AP,4,0.36907158660364103
Drone,DIRECT,14,AP,27,0.3588998375125186
Drone,HYBRID,8,LAG_NORMALIZED_INVERTED,10,0.38143939393939397
Drone,DIRECT,15,AP,28,0.2813609708913124
Drone,DIRECT,28,LAG_NORMALIZED_INVERTED,53,0.45000000000000007
Drone,HYBRID,10,LAG_NORMALIZED_INVERTED,16,0.3686079545454546
Drone,HYBRID,11,LAG_NORMALIZED_INVERTED,23,0.4651515151515152
Drone,DIRECT,16,LAG_NORMALIZED_INVERTED,29,0.11444128787878793
Drone,DIRECT,27,AP,52,0.4104362012458784
Drone,DIRECT,2,AP,3,0.3483751232917617
Drone,DIRECT,1,AP,2,0.25128092248673867
Drone,DIRECT,0,AP,0,0.24567746798831147
Drone,DIRECT,12,AP,24,0.3493468385463576
Drone,DIRECT,17,LAG_NORMALIZED_INVERTED,35,0.859375
Drone,DIRECT,29,LAG_NORMALIZED_INVERTED,54,0.2787405303030305
Drone,DIRECT,18,LAG_NORMALIZED_INVERTED,37,0.283285984848485
Drone,DIRECT,19,LAG_NORMALIZED_INVERTED,39,0.2591382575757576
Drone,DIRECT,20,LAG_NORMALIZED_INVERTED,41,0.331628787878788
Drone,DIRECT,21,LAG_NORMALIZED_INVERTED,44,0.27121212121212124
Drone,DIRECT,22,LAG_NORMALIZED_INVERTED,45,0.32272727272727286
Drone,DIRECT,23,LAG_NORMALIZED_INVERTED,48,0.3922348484848486
Drone,DIRECT,24,LAG_NORMALIZED_INVERTED,49,0.33527462121212126
Drone,DIRECT,25,LAG_NORMALIZED_INVERTED,50,0.3900094696969697
Drone,DIRECT,26,LAG_NORMALIZED_INVERTED,51,1.0
Drone,DIRECT,27,LAG_NORMALIZED_INVERTED,52,0.3589488636363637
Drone,HYBRID,11,AP,23,0.44849996939317427
Drone,DIRECT,8,AUC,10,0.6118577075098814
Drone,DIRECT,1,AUC,2,0.5487220026350461
Drone,DIRECT,10,AUC,16,0.6070355731225296
Drone,DIRECT,0,LAG_NORMALIZED_INVERTED,0,0.16174242424242435
Drone,DIRECT,9,AUC,15,0.5688142292490118
Drone,HYBRID,0,AUC,0,0.6304611330698288
Drone,HYBRID,28,AP,53,0.4560132533905483
Drone,HYBRID,29,AP,54,0.4107786509209763
Drone,DIRECT,19,AUC,39,0.5917786561264822
Drone,HYBRID,27,AP,52,0.4500539908387628
Drone,HYBRID,12,AP,24,0.38034756050444196
Drone,HYBRID,1,AP,2,0.3092929666367191
Drone,HYBRID,2,AP,3,0.38872158016942887
Drone,HYBRID,3,AP,4,0.38236302812305545
Drone,HYBRID,4,AP,6,0.4275144110232834
Drone,DIRECT,1,LAG_NORMALIZED_INVERTED,2,0.2097064393939394
Drone,DIRECT,2,LAG_NORMALIZED_INVERTED,3,0.28200757575757585
Drone,DIRECT,3,LAG_NORMALIZED_INVERTED,4,0.35151515151515167
Drone,DIRECT,4,LAG_NORMALIZED_INVERTED,6,0.2217329545454546
Drone,DIRECT,21,AUC,44,0.5820553359683794
Drone,DIRECT,6,LAG_NORMALIZED_INVERTED,8,0.3015151515151516
Drone,DIRECT,7,LAG_NORMALIZED_INVERTED,9,0.3277935606060607
Drone,DIRECT,29,AUC,54,0.6244795783926219
Drone,DIRECT,8,LAG_NORMALIZED_INVERTED,10,0.32897727272727273
Drone,DIRECT,28,AUC,53,0.6779446640316206
Drone,DIRECT,12,LAG_NORMALIZED_INVERTED,24,0.2901988636363637
Drone,DIRECT,20,AUC,41,0.6126218708827404
Drone,HYBRID,10,AP,16,0.4401062366613051
Drone,HYBRID,13,AP,26,0.005076142131979695
Drone,HYBRID,26,AP,51,0.16666666666666666
Drone,HYBRID,14,LAG_NORMALIZED_INVERTED,27,0.45378787878787885
Drone,HYBRID,16,LAG_NORMALIZED_INVERTED,29,0.297064393939394
Drone,HYBRID,17,LAG_NORMALIZED_INVERTED,35,0.827724358974359
Drone,DIRECT,26,AP,51,0.2
Drone,HYBRID,18,LAG_NORMALIZED_INVERTED,37,0.3765625
Drone,HYBRID,19,LAG_NORMALIZED_INVERTED,39,0.36908143939393945
Drone,DIRECT,28,AP,53,0.40108390137602534
Drone,DIRECT,23,AUC,48,0.6502371541501977
Drone,DIRECT,24,AUC,49,0.613596837944664
Drone,DIRECT,25,AUC,50,0.6473386034255599
Drone,DIRECT,26,AUC,51,0.9911894273127753
Drone,DIRECT,0,AUC,0,0.5225164690382083
Drone,DIRECT,27,AUC,52,0.6552832674571806
Drone,HYBRID,20,LAG_NORMALIZED_INVERTED,41,0.416003787878788
Drone,HYBRID,21,LAG_NORMALIZED_INVERTED,44,0.41122159090909094
Drone,HYBRID,22,LAG_NORMALIZED_INVERTED,45,0.42367424242424245
Drone,DIRECT,9,LAG_NORMALIZED_INVERTED,15,0.19034090909090906
Drone,DIRECT,5,LAG_NORMALIZED_INVERTED,7,0.29824810606060603
Drone,DIRECT,11,LAG_NORMALIZED_INVERTED,23,0.42159090909090924
Drone,HYBRID,27,AUC,52,0.7227931488801054
Drone,HYBRID,15,AUC,28,0.6542292490118577
Drone,DIRECT,10,LAG_NORMALIZED_INVERTED,16,0.2787405303030305
Drone,HYBRID,17,AUC,35,0.9161155586494953
Drone,HYBRID,18,AUC,37,0.6414492753623189
Drone,HYBRID,19,AUC,39,0.637285902503294
Drone,HYBRID,20,AUC,41,0.6633992094861659
Drone,HYBRID,21,AUC,44,0.660737812911726
Drone,HYBRID,22,AUC,45,0.6676679841897234
Drone,HYBRID,24,AUC,49,0.6760737812911727
Drone,HYBRID,25,AUC,50,0.6843478260869564
Drone,HYBRID,26,AUC,51,0.9889867841409692
Drone,HYBRID,18,AP,37,0.3893414004952012
Drone,HYBRID,17,AP,35,0.3976980791199915
Drone,HYBRID,16,AP,29,0.3018215894003915
Drone,DIRECT,15,AUC,28,0.5658234519104085
Drone,DIRECT,14,AUC,27,0.6505401844532279
Drone,DIRECT,12,AUC,24,0.6029117259552041
Drone,DIRECT,11,AUC,23,0.6689591567852436
Drone,HYBRID,14,AUC,27,0.6844268774703557
Drone,HYBRID,12,AUC,24,0.6426086956521739
Drone,HYBRID,16,AUC,29,0.5971541501976285
Drone,HYBRID,9,AP,15,0.32609030937417266
Drone,HYBRID,14,AP,27,0.41385203386871205
Drone,HYBRID,15,AP,28,0.3356453788818501
Drone,HYBRID,23,LAG_NORMALIZED_INVERTED,48,0.4670928030303031
Drone,DIRECT,18,AUC,37,0.5885375494071147
Drone,DIRECT,17,AUC,35,0.9298642533936652
Drone,DIRECT,16,AUC,29,0.5306719367588932
Drone,HYBRID,24,LAG_NORMALIZED_INVERTED,49,0.43877840909090915
Drone,HYBRID,25,LAG_NORMALIZED_INVERTED,50,0.4536458333333334
Drone,HYBRID,5,AP,7,0.41460579777350726
Drone,HYBRID,23,AUC,48,0.6918313570487484
Drone,HYBRID,6,AP,8,0.41046775272109715
Drone,DIRECT,22,AUC,45,0.6120421607378128
Drone,HYBRID,7,AP,9,0.3991914460360301
Drone,HYBRID,8,AP,10,0.40590836978182565
TrainController,HYBRID,5,LAG_NORMALIZED_INVERTED,8,0.7588428093645485
TrainController,HYBRID,48,LAG_NORMALIZED_INVERTED,74,0.7296588628762541
TrainController,HYBRID,54,LAG_NORMALIZED_INVERTED,87,0.7362140468227425
TrainController,HYBRID,28,LAG_NORMALIZED_INVERTED,50,0.7838996655518394
TrainController,HYBRID,44,LAG_NORMALIZED_INVERTED,68,0.4913333333333333
TrainController,HYBRID,25,LAG_NORMALIZED_INVERTED,47,0.7675183946488294
TrainController,HYBRID,27,LAG_NORMALIZED_INVERTED,49,0.6523333333333333
TrainController,HYBRID,49,LAG_NORMALIZED_INVERTED,75,0.730989966555184
TrainController,HYBRID,50,LAG_NORMALIZED_INVERTED,76,0.732066889632107
TrainController,HYBRID,52,LAG_NORMALIZED_INVERTED,80,0.7675518394648829
TrainController,HYBRID,26,LAG_NORMALIZED_INVERTED,48,0.7745953177257525
TrainController,HYBRID,45,LAG_NORMALIZED_INVERTED,70,0.69
TrainController,HYBRID,51,LAG_NORMALIZED_INVERTED,79,0.34866666666666657
TrainController,HYBRID,47,LAG_NORMALIZED_INVERTED,72,0.7689230769230769
TrainController,HYBRID,46,LAG_NORMALIZED_INVERTED,71,0.7747357859531773
TrainController,HYBRID,18,LAG_NORMALIZED_INVERTED,38,0.7710367892976588
TrainController,HYBRID,53,LAG_NORMALIZED_INVERTED,86,0.7556387959866221
TrainController,HYBRID,42,LAG_NORMALIZED_INVERTED,66,0.8170969899665552
TrainController,HYBRID,40,LAG_NORMALIZED_INVERTED,63,0.8121070234113712
TrainController,HYBRID,39,LAG_NORMALIZED_INVERTED,62,0.8031705685618729
TrainController,HYBRID,41,LAG_NORMALIZED_INVERTED,65,0.7905284280936455
TrainController,HYBRID,29,LAG_NORMALIZED_INVERTED,52,0.7995919732441472
TrainController,HYBRID,30,LAG_NORMALIZED_INVERTED,53,0.8052976588628763
TrainController,HYBRID,31,LAG_NORMALIZED_INVERTED,54,0.882
TrainController,HYBRID,32,LAG_NORMALIZED_INVERTED,55,0.6053333333333333
TrainController,HYBRID,33,LAG_NORMALIZED_INVERTED,56,0.8273979933110368
TrainController,HYBRID,35,LAG_NORMALIZED_INVERTED,58,0.944
TrainController,HYBRID,36,LAG_NORMALIZED_INVERTED,59,0.0
TrainController,HYBRID,0,LAG_NORMALIZED_INVERTED,1,1.0
TrainController,HYBRID,55,LAG_NORMALIZED_INVERTED,88,0.7684013377926422
TrainController,HYBRID,37,LAG_NORMALIZED_INVERTED,60,0.45599999999999996
TrainController,HYBRID,38,LAG_NORMALIZED_INVERTED,61,0.998
TrainController,HYBRID,43,LAG_NORMALIZED_INVERTED,67,0.7793177257525084
TrainController,HYBRID,9,LAG_NORMALIZED_INVERTED,16,0.8004548494983277
TrainController,HYBRID,10,LAG_NORMALIZED_INVERTED,23,0.815
TrainController,HYBRID,11,LAG_NORMALIZED_INVERTED,27,0.7647357859531773
TrainController,HYBRID,6,LAG_NORMALIZED_INVERTED,9,0.813371237458194
TrainController,HYBRID,7,LAG_NORMALIZED_INVERTED,10,0.7340869565217392
TrainController,HYBRID,8,LAG_NORMALIZED_INVERTED,11,0.998
TrainController,HYBRID,59,LAG_NORMALIZED_INVERTED,95,0.7726153846153846
TrainController,HYBRID,24,LAG_NORMALIZED_INVERTED,46,0.6416666666666666
TrainController,HYBRID,23,LAG_NORMALIZED_INVERTED,45,0.7819598662207358
TrainController,HYBRID,22,LAG_NORMALIZED_INVERTED,43,0.9088
TrainController,HYBRID,96,AUC,163,0.689292948325404
TrainController,HYBRID,21,LAG_NORMALIZED_INVERTED,42,0.7935384615384615
TrainController,HYBRID,19,LAG_NORMALIZED_INVERTED,40,0.9924444444444445
TrainController,HYBRID,17,LAG_NORMALIZED_INVERTED,37,0.8049096989966555
TrainController,HYBRID,16,LAG_NORMALIZED_INVERTED,36,0.47666666666666657
TrainController,HYBRID,15,LAG_NORMALIZED_INVERTED,35,0.7896655518394649
TrainController,HYBRID,14,LAG_NORMALIZED_INVERTED,34,0.782809364548495
TrainController,HYBRID,13,LAG_NORMALIZED_INVERTED,33,0.7990301003344482
TrainController,HYBRID,12,LAG_NORMALIZED_INVERTED,28,0.854
TrainController,HYBRID,20,LAG_NORMALIZED_INVERTED,41,0.8135785953177257
TrainController,HYBRID,1,LAG_NORMALIZED_INVERTED,3,0.7981003344481605
TrainController,HYBRID,89,LAG_NORMALIZED_INVERTED,155,1.0
TrainController,HYBRID,3,LAG_NORMALIZED_INVERTED,5,0.798267558528428
TrainController,DIRECT,109,AP,182,0.5807062184559635
TrainController,DIRECT,108,AP,181,0.017844298124273777
TrainController,DIRECT,107,AP,180,0.19444444444444442
TrainController,DIRECT,106,AP,178,0.5847418520136294
TrainController,DIRECT,131,AP,204,1.0
TrainController,DIRECT,11,AP,27,0.51033340687717
TrainController,DIRECT,132,AP,205,1.0
TrainController,DIRECT,110,AP,183,0.5833333333333333
TrainController,DIRECT,28,AP,50,0.518694043599844
TrainController,DIRECT,22,AP,43,0.23517205682573267
TrainController,DIRECT,133,AP,210,0.04
TrainController,DIRECT,21,AP,42,0.07657664642414214
TrainController,DIRECT,20,AP,41,0.572769911836918
TrainController,DIRECT,86,AP,151,0.6399834668701787
TrainController,DIRECT,18,AP,38,0.489024267897485
TrainController,DIRECT,17,AP,37,0.5906198237848115
TrainController,DIRECT,16,AP,36,0.006185352669057644
TrainController,HYBRID,47,AP,72,0.5777126953407169
TrainController,HYBRID,100,AP,168,0.7842796092796092
TrainController,HYBRID,34,LAG_NORMALIZED_INVERTED,57,0.904
TrainController,HYBRID,126,LAG_NORMALIZED_INVERTED,199,0.7601471571906354
TrainController,HYBRID,125,LAG_NORMALIZED_INVERTED,198,0.7984882943143813
TrainController,HYBRID,124,LAG_NORMALIZED_INVERTED,197,0.7743678929765886
TrainController,HYBRID,123,LAG_NORMALIZED_INVERTED,196,0.8147224080267559
TrainController,HYBRID,122,LAG_NORMALIZED_INVERTED,195,0.7521739130434782
TrainController,HYBRID,121,LAG_NORMALIZED_INVERTED,194,0.7187892976588629
TrainController,HYBRID,120,LAG_NORMALIZED_INVERTED,193,0.976
TrainController,HYBRID,119,LAG_NORMALIZED_INVERTED,192,0.986
TrainController,HYBRID,131,LAG_NORMALIZED_INVERTED,204,1.0
TrainController,DIRECT,24,AP,46,0.2688301418688708
TrainController,DIRECT,111,AP,184,0.5922980346444899
TrainController,DIRECT,112,AP,185,0.6096585074573972
TrainController,DIRECT,113,AP,186,0.6122814650610103
TrainController,DIRECT,55,AP,88,0.5439991288084074
TrainController,DIRECT,130,AP,203,1.0
TrainController,DIRECT,44,AP,68,0.007511007511007512
TrainController,DIRECT,117,AP,190,0.6297988478933032
TrainController,DIRECT,125,AP,198,0.5594617150534229
TrainController,DIRECT,115,AP,188,0.5430360773623724
TrainController,DIRECT,27,AP,49,0.29537168236922134
TrainController,DIRECT,29,AP,52,0.543588090804894
TrainController,DIRECT,14,AP,34,0.5336354836724051
TrainController,DIRECT,30,AP,53,0.5269771887100433
TrainController,DIRECT,31,AP,54,0.007575757575757576
TrainController,DIRECT,32,AP,55,0.027673493242617475
TrainController,DIRECT,116,AP,189,0.5722185135131044
TrainController,DIRECT,34,AP,57,0.015384615384615385
TrainController,HYBRID,127,LAG_NORMALIZED_INVERTED,200,0.7654983277591974
TrainController,DIRECT,35,AP,58,0.03333333333333333
TrainController,DIRECT,37,AP,60,0.0056179775280898875
TrainController,DIRECT,38,AP,61,0.3333333333333333
TrainController,DIRECT,39,AP,62,0.5330515878741096
TrainController,DIRECT,40,AP,63,0.5536003418962441
TrainController,DIRECT,15,AP,35,0.558251457139497
TrainController,DIRECT,13,AP,33,0.5296693297306638
TrainController,DIRECT,54,AP,87,0.5272455906493797
TrainController,DIRECT,53,AP,86,0.49373967850230066
TrainController,DIRECT,52,AP,80,0.4984582716860546
TrainController,DIRECT,26,AP,48,0.5131129578008025
TrainController,DIRECT,25,AP,47,0.5039603666207478
TrainController,DIRECT,33,AP,56,0.5836614986786768
TrainController,DIRECT,23,AP,45,0.532993550548858
TrainController,DIRECT,114,AP,187,0.596320224969135
TrainController,DIRECT,36,AP,59,0.0017152658662092624
TrainController,HYBRID,2,LAG_NORMALIZED_INVERTED,4,0.5016666666666667
TrainController,HYBRID,118,LAG_NORMALIZED_INVERTED,191,0.8170167224080267
TrainController,HYBRID,115,LAG_NORMALIZED_INVERTED,188,0.8113377926421405
TrainController,HYBRID,92,LAG_NORMALIZED_INVERTED,158,0.8001605351170569
TrainController,HYBRID,91,LAG_NORMALIZED_INVERTED,157,1.0
TrainController,HYBRID,90,LAG_NORMALIZED_INVERTED,156,1.0
TrainController,HYBRID,110,LAG_NORMALIZED_INVERTED,183,0.999
TrainController,HYBRID,111,LAG_NORMALIZED_INVERTED,184,0.8249163879598662
TrainController,HYBRID,113,LAG_NORMALIZED_INVERTED,186,0.8454113712374582
TrainController,HYBRID,75,LAG_NORMALIZED_INVERTED,127,0.8444147157190636
TrainController,HYBRID,74,LAG_NORMALIZED_INVERTED,125,0.7917658862876255
TrainController,HYBRID,73,LAG_NORMALIZED_INVERTED,122,1.0
TrainController,HYBRID,85,LAG_NORMALIZED_INVERTED,150,0.8157591973244147
TrainController,HYBRID,72,LAG_NORMALIZED_INVERTED,121,0.835076923076923
TrainController,HYBRID,70,LAG_NORMALIZED_INVERTED,119,0.8060802675585284
TrainController,HYBRID,69,LAG_NORMALIZED_INVERTED,118,0.8160133779264214
TrainController,HYBRID,68,LAG_NORMALIZED_INVERTED,117,0.7945752508361204
TrainController,HYBRID,67,LAG_NORMALIZED_INVERTED,116,0.8062541806020067
TrainController,HYBRID,66,LAG_NORMALIZED_INVERTED,115,0.8106688963210702
TrainController,HYBRID,65,LAG_NORMALIZED_INVERTED,114,0.47366666666666657
TrainController,HYBRID,64,LAG_NORMALIZED_INVERTED,112,0.8029364548494984
TrainController,HYBRID,63,LAG_NORMALIZED_INVERTED,104,0.9023333333333333
TrainController,HYBRID,62,LAG_NORMALIZED_INVERTED,100,0.7814581939799331
TrainController,HYBRID,61,LAG_NORMALIZED_INVERTED,98,0.84
TrainController,HYBRID,60,LAG_NORMALIZED_INVERTED,97,0.8221939799331104
TrainController,HYBRID,71,LAG_NORMALIZED_INVERTED,120,0.8193511705685619
TrainController,HYBRID,116,LAG_NORMALIZED_INVERTED,189,0.8191170568561873
TrainController,HYBRID,86,LAG_NORMALIZED_INVERTED,151,0.8265685618729097
TrainController,HYBRID,88,LAG_NORMALIZED_INVERTED,153,0.8067290969899665
TrainController,HYBRID,114,LAG_NORMALIZED_INVERTED,187,0.8350033444816054
TrainController,HYBRID,112,LAG_NORMALIZED_INVERTED,185,0.8372909698996656
TrainController,HYBRID,4,LAG_NORMALIZED_INVERTED,6,0.8279063545150501
TrainController,HYBRID,93,LAG_NORMALIZED_INVERTED,159,1.0
TrainController,HYBRID,94,LAG_NORMALIZED_INVERTED,161,0.8351505016722408
TrainController,HYBRID,95,LAG_NORMALIZED_INVERTED,162,0.8217257525083612
TrainController,HYBRID,96,LAG_NORMALIZED_INVERTED,163,0.8235183946488294
TrainController,HYBRID,84,LAG_NORMALIZED_INVERTED,149,0.8249163879598662
TrainController,HYBRID,83,LAG_NORMALIZED_INVERTED,148,1.0
TrainController,HYBRID,82,LAG_NORMALIZED_INVERTED,147,0.8129565217391305
TrainController,HYBRID,81,LAG_NORMALIZED_INVERTED,146,0.7866220735785954
TrainController,HYBRID,80,LAG_NORMALIZED_INVERTED,141,0.7972240802675585
TrainController,HYBRID,128,LAG_NORMALIZED_INVERTED,201,0.8066421404682275
TrainController,HYBRID,129,LAG_NORMALIZED_INVERTED,202,0.8177859531772576
TrainController,HYBRID,130,LAG_NORMALIZED_INVERTED,203,1.0
TrainController,HYBRID,56,LAG_NORMALIZED_INVERTED,92,0.807705685618729
TrainController,HYBRID,57,LAG_NORMALIZED_INVERTED,93,0.5781367521367522
TrainController,HYBRID,58,LAG_NORMALIZED_INVERTED,94,0.30399999999999994
TrainController,HYBRID,133,LAG_NORMALIZED_INVERTED,210,0.974
TrainController,HYBRID,132,LAG_NORMALIZED_INVERTED,205,1.0
TrainController,HYBRID,79,LAG_NORMALIZED_INVERTED,139,0.7981070234113712
TrainController,HYBRID,117,LAG_NORMALIZED_INVERTED,190,0.8400334448160535
TrainController,HYBRID,78,LAG_NORMALIZED_INVERTED,137,0.716
TrainController,HYBRID,76,LAG_NORMALIZED_INVERTED,134,0.744494983277592
TrainController,HYBRID,109,LAG_NORMALIZED_INVERTED,182,0.8297123745819398
TrainController,HYBRID,108,LAG_NORMALIZED_INVERTED,181,0.877
TrainController,HYBRID,107,LAG_NORMALIZED_INVERTED,180,0.992
TrainController,HYBRID,106,LAG_NORMALIZED_INVERTED,178,0.8175117056856187
TrainController,HYBRID,105,LAG_NORMALIZED_INVERTED,177,0.8217591973244147
TrainController,HYBRID,104,LAG_NORMALIZED_INVERTED,176,0.8375785953177257
TrainController,HYBRID,103,LAG_NORMALIZED_INVERTED,171,0.9993333333333333
TrainController,HYBRID,87,LAG_NORMALIZED_INVERTED,152,0.80638127090301
TrainController,HYBRID,102,LAG_NORMALIZED_INVERTED,170,1.0
TrainController,HYBRID,100,LAG_NORMALIZED_INVERTED,168,0.9778461538461538
TrainController,HYBRID,99,LAG_NORMALIZED_INVERTED,167,0.827705685618729
TrainController,HYBRID,98,LAG_NORMALIZED_INVERTED,165,0.8327892976588629
TrainController,HYBRID,97,LAG_NORMALIZED_INVERTED,164,0.8288026755852843
TrainController,HYBRID,77,LAG_NORMALIZED_INVERTED,135,0.7637859531772575
TrainController,HYBRID,2,AUC,4,0.5681686886192953
TrainController,HYBRID,17,AUC,37,0.6565311602053794
TrainController,HYBRID,26,AUC,48,0.6031607706439305
TrainController,HYBRID,83,AUC,148,1.0
TrainController,HYBRID,82,AUC,147,0.6706981016533986
TrainController,HYBRID,81,AUC,146,0.624334636582034
TrainController,HYBRID,80,AUC,141,0.6430001413161242
TrainController,HYBRID,79,AUC,139,0.6445546186819916
TrainController,HYBRID,78,AUC,137,0.7551724137931034
TrainController,HYBRID,118,AUC,191,0.6778463422676526
TrainController,HYBRID,27,AP,49,0.2746743043427871
TrainController,HYBRID,108,AUC,181,0.8941480206540448
TrainController,HYBRID,106,AUC,178,0.678717791700033
TrainController,HYBRID,105,AUC,177,0.6861957699373498
TrainController,HYBRID,104,AUC,176,0.714046822742475
TrainController,HYBRID,103,AUC,171,0.9994252873563219
TrainController,HYBRID,115,AUC,188,0.6678482264826417
TrainController,HYBRID,101,AUC,169,0.701634556502897
TrainController,HYBRID,102,AUC,170,0.9999999999999999
TrainController,HYBRID,91,AUC,157,1.0
TrainController,HYBRID,92,AUC,158,0.6481699561920015
TrainController,HYBRID,93,AUC,159,1.0
TrainController,HYBRID,94,AUC,161,0.7097720099863394
TrainController,HYBRID,95,AUC,162,0.6861368882189458
TrainController,HYBRID,107,AUC,180,0.9931153184165232
TrainController,HYBRID,90,AUC,156,1.0
TrainController,HYBRID,98,AUC,165,0.7056149606670121
TrainController,HYBRID,99,AUC,167,0.6966649394695935
TrainController,HYBRID,100,AUC,168,0.9805668016194332
TrainController,HYBRID,96,AP,163,0.6781459054972816
TrainController,HYBRID,97,AUC,164,0.698596259833247
TrainController,HYBRID,14,AP,34,0.5949859530599284
TrainController,HYBRID,84,AUC,149,0.6917542041546939
TrainController,HYBRID,11,AP,27,0.5862174058905729
TrainController,HYBRID,85,AUC,150,0.6756323896556597
TrainController,HYBRID,116,AUC,189,0.6815441141834282
TrainController,HYBRID,61,AUC,98,0.8625429553264604
TrainController,HYBRID,117,AUC,190,0.7183687408733337
TrainController,HYBRID,72,AUC,121,0.7096424702058505
TrainController,HYBRID,88,AUC,153,0.6597343256865609
TrainController,HYBRID,75,AUC,127,0.7260822459842668
TrainController,HYBRID,60,AUC,97,0.6869612322766028
TrainController,HYBRID,89,AUC,155,0.9999999999999999
TrainController,HYBRID,114,AUC,187,0.7095129304253616
TrainController,HYBRID,113,AUC,186,0.727836921192708
TrainController,HYBRID,112,AUC,185,0.7135404399642
TrainController,HYBRID,111,AUC,184,0.6917542041546941
TrainController,HYBRID,110,AUC,183,0.9991394148020655
TrainController,HYBRID,87,AUC,152,0.6591219558151584
TrainController,HYBRID,74,AUC,125,0.6333906448725799
TrainController,HYBRID,76,AUC,134,0.5501672240802676
TrainController,HYBRID,77,AUC,135,0.5841301992557352
TrainController,HYBRID,15,AP,35,0.639582318110244
TrainController,HYBRID,16,AP,36,0.008106579888758106
TrainController,HYBRID,17,AP,37,0.6631309905180125
TrainController,HYBRID,18,AP,38,0.5486807855491711
TrainController,HYBRID,19,AP,40,0.6465255731922399
TrainController,HYBRID,20,AP,41,0.6460255858700288
TrainController,HYBRID,21,AP,42,0.10086670992546481
TrainController,HYBRID,22,AP,43,0.2806511586923958
TrainController,HYBRID,23,AP,45,0.6234503123515336
TrainController,HYBRID,24,AP,46,0.25257981907828725
TrainController,HYBRID,25,AP,47,0.573860356768163
TrainController,HYBRID,109,AUC,182,0.7001978425738375
TrainController,HYBRID,26,AP,48,0.5830230434861507
TrainController,HYBRID,86,AUC,151,0.694662961043855
TrainController,HYBRID,56,AUC,92,0.6614536718639596
TrainController,HYBRID,57,AP,93,0.3859747399329103
TrainController,HYBRID,43,AP,67,0.5938451938225674
TrainController,HYBRID,9,AP,16,0.6450337401817446
TrainController,HYBRID,10,AP,23,0.015803783845020958
TrainController,HYBRID,129,AUC,202,0.6792006217909464
TrainController,HYBRID,130,AUC,203,1.0
TrainController,HYBRID,131,AUC,204,1.0
TrainController,HYBRID,133,AUC,210,0.9776632302405498
TrainController,HYBRID,38,AP,61,0.5
TrainController,HYBRID,39,AP,62,0.6342524027079436
TrainController,HYBRID,40,AP,63,0.6434350535480791
TrainController,HYBRID,41,AP,65,0.6136618748626664
TrainController,HYBRID,42,AP,66,0.673672344774688
TrainController,HYBRID,44,AP,68,0.007530284247841499
TrainController,HYBRID,29,AP,52,0.6328775563943558
TrainController,HYBRID,45,AP,70,0.00641025641025641
TrainController,HYBRID,46,AP,71,0.5676984492979946
TrainController,HYBRID,57,AUC,93,0.5473570301896482
TrainController,HYBRID,36,AP,59,0.001996007984031936
TrainController,HYBRID,59,AUC,95,0.5996749729144095
TrainController,HYBRID,48,AP,74,0.5499452841091133
TrainController,HYBRID,49,AP,75,0.562204448984623
TrainController,HYBRID,50,AP,76,0.5577145677720379
TrainController,HYBRID,51,AP,79,0.005912750320175356
TrainController,HYBRID,52,AP,80,0.5605792564242192
TrainController,HYBRID,53,AP,86,0.574015082095108
TrainController,HYBRID,54,AP,87,0.5814722359131573
TrainController,HYBRID,55,AP,88,0.6083899767771421
TrainController,HYBRID,56,AP,92,0.6315439040019719
TrainController,HYBRID,30,AP,53,0.6306542620705018
TrainController,HYBRID,28,AP,50,0.5969031145997165
TrainController,HYBRID,8,AP,11,0.5
TrainController,HYBRID,7,AP,10,0.4947074693532961
TrainController,HYBRID,6,AP,9,0.6307988435776677
TrainController,HYBRID,5,AP,8,0.5486034038909503
TrainController,HYBRID,31,AP,54,0.016666666666666666
TrainController,HYBRID,32,AP,55,0.03275433137344644
TrainController,HYBRID,33,AP,56,0.6614832019193662
TrainController,HYBRID,34,AUC,57,0.9175257731958762
TrainController,HYBRID,33,AUC,56,0.696123227660276
TrainController,HYBRID,32,AUC,55,0.658001155401502
TrainController,HYBRID,31,AUC,54,0.8986254295532646
TrainController,HYBRID,30,AUC,53,0.6572141881388667
TrainController,HYBRID,42,AUC,66,0.6779876583918225
TrainController,HYBRID,34,AP,57,0.02040816326530612
TrainController,HYBRID,12,AP,28,0.013513513513513514
TrainController,HYBRID,35,AP,58,0.034482758620689655
TrainController,HYBRID,37,AP,60,0.003663003663003663
TrainController,HYBRID,128,AUC,201,0.6595812332187102
TrainController,HYBRID,62,AUC,100,0.6152432992604456
TrainController,HYBRID,127,AUC,200,0.5871449432380235
TrainController,HYBRID,125,AUC,198,0.6452258702717979
TrainController,HYBRID,124,AUC,197,0.6027603749587829
TrainController,HYBRID,123,AUC,196,0.6738070563851335
TrainController,HYBRID,122,AUC,195,0.5636864666258421
TrainController,HYBRID,121,AUC,194,0.5049107353148994
TrainController,HYBRID,120,AUC,193,0.9793459552495697
TrainController,HYBRID,132,AUC,205,1.0
TrainController,HYBRID,119,AUC,192,0.9879518072289156
TrainController,HYBRID,13,AP,33,0.6161417493500112
TrainController,HYBRID,1,AP,3,0.583630901575793
TrainController,HYBRID,58,AUC,94,0.4020618556701031
TrainController,HYBRID,2,AP,4,0.22722352345191146
TrainController,HYBRID,3,AP,5,0.6192893560307079
TrainController,HYBRID,4,AP,6,0.6635494425609947
TrainController,HYBRID,126,AUC,199,0.5777238682933723
TrainController,HYBRID,63,AUC,104,0.9153668399768919
TrainController,HYBRID,64,AUC,112,0.6530571388195393
TrainController,HYBRID,65,AUC,114,0.5439052570768341
TrainController,HYBRID,16,AUC,36,0.5488505747126436
TrainController,HYBRID,15,AUC,35,0.6296928729568044
TrainController,HYBRID,14,AUC,34,0.61762212068397
TrainController,HYBRID,13,AUC,33,0.6461797541099439
TrainController,HYBRID,12,AUC,28,0.8745704467353953
TrainController,HYBRID,11,AUC,27,0.5858024400584108
TrainController,HYBRID,10,AUC,23,0.8407917383820998
TrainController,HYBRID,9,AUC,16,0.6486881153139574
TrainController,HYBRID,8,AUC,11,0.9982817869415808
TrainController,HYBRID,7,AUC,10,0.531843233312921
TrainController,HYBRID,18,AUC,38,0.5968957558057374
TrainController,HYBRID,0,AP,1,1.0
TrainController,HYBRID,72,AP,121,0.6786188116424288
TrainController,HYBRID,88,AP,153,0.6499652790883103
TrainController,HYBRID,75,AP,127,0.7000762556666773
TrainController,HYBRID,115,AP,188,0.6422809133247313
TrainController,HYBRID,99,AP,167,0.6407363244573328
TrainController,HYBRID,98,AP,165,0.6453290712343093
TrainController,HYBRID,97,AP,164,0.671416024411188
TrainController,HYBRID,94,AP,161,0.6733552269812783
TrainController,HYBRID,95,AP,162,0.660804528070859
TrainController,HYBRID,93,AP,159,1.0
TrainController,HYBRID,92,AP,158,0.6383179524499207
TrainController,HYBRID,91,AP,157,1.0
TrainController,HYBRID,101,AP,169,0.6783836747216259
TrainController,HYBRID,90,AP,156,1.0
TrainController,HYBRID,107,AP,180,0.26666666666666666
TrainController,HYBRID,102,AP,170,1.0
TrainController,HYBRID,104,AP,176,0.697253072905951
TrainController,DIRECT,57,AP,93,0.42595770315503434
TrainController,HYBRID,19,AUC,40,0.9934185056136275
TrainController,HYBRID,58,AP,94,0.0028653295128939827
TrainController,HYBRID,20,AUC,41,0.6717933016157144
TrainController,HYBRID,27,AUC,49,0.6987290583477759
TrainController,HYBRID,28,AUC,50,0.6195416647039427
TrainController,HYBRID,29,AUC,52,0.6471689669791323
TrainController,HYBRID,55,AUC,88,0.5922558763954967
TrainController,HYBRID,54,AUC,87,0.5355881106034198
TrainController,HYBRID,53,AUC,86,0.5697866126525036
TrainController,HYBRID,52,AUC,80,0.5907602807480333
TrainController,HYBRID,51,AUC,79,0.43850574712643675
TrainController,HYBRID,50,AUC,76,0.5282867775213151
TrainController,HYBRID,49,AUC,75,0.526390786188704
TrainController,HYBRID,48,AUC,74,0.5240472937962222
TrainController,HYBRID,47,AUC,72,0.5931744312026002
TrainController,HYBRID,46,AUC,71,0.6034080738612275
TrainController,HYBRID,45,AUC,70,0.7336769759450172
TrainController,HYBRID,105,AP,177,0.6950151890725925
TrainController,HYBRID,44,AUC,68,0.5614942528735632
TrainController,HYBRID,43,AUC,67,0.6114748692825852
TrainController,HYBRID,41,AUC,65,0.6312120212916295
TrainController,HYBRID,40,AUC,63,0.6692025060059352
TrainController,HYBRID,39,AUC,62,0.6534693108483678
TrainController,HYBRID,3,AUC,5,0.6448372509303312
TrainController,HYBRID,4,AUC,6,0.6970182297800179
TrainController,HYBRID,5,AUC,8,0.5754274812756135
TrainController,HYBRID,6,AUC,9,0.6714282349616092
TrainController,HYBRID,101,LAG_NORMALIZED_INVERTED,169,0.8305284280936455
TrainController,HYBRID,25,AUC,47,0.5907013990296293
TrainController,HYBRID,24,AUC,46,0.6894858463316003
TrainController,HYBRID,23,AUC,45,0.6161265250365067
TrainController,HYBRID,22,AUC,43,0.921107266435986
TrainController,HYBRID,21,AUC,42,0.8188933873144401
TrainController,HYBRID,0,AUC,1,1.0
TrainController,HYBRID,1,AUC,3,0.6445428423383107
TrainController,HYBRID,106,AP,178,0.6503046781935333
TrainController,HYBRID,109,AP,182,0.6563368528874463
TrainController,HYBRID,64,AP,112,0.6321370315430643
TrainController,HYBRID,65,AP,114,0.06539850665863313
TrainController,HYBRID,66,AP,115,0.6182370929459413
TrainController,HYBRID,67,AP,116,0.6340414256241179
TrainController,HYBRID,68,AP,117,0.6176035736816337
TrainController,HYBRID,69,AP,118,0.6570887383799144
TrainController,HYBRID,70,AP,119,0.6344143371896878
TrainController,HYBRID,73,AP,122,1.0
TrainController,HYBRID,87,AP,152,0.6780235499027151
TrainController,HYBRID,74,AP,125,0.6152487802367654
TrainController,HYBRID,76,AP,134,0.5378055645982273
TrainController,HYBRID,77,AP,135,0.5727723779708702
TrainController,HYBRID,78,AP,137,0.015049394379421148
TrainController,HYBRID,79,AP,139,0.63433277667611
TrainController,HYBRID,80,AP,141,0.657850214170864
TrainController,HYBRID,81,AP,146,0.5988491390520503
TrainController,HYBRID,82,AP,147,0.6470251337322225
TrainController,HYBRID,83,AP,148,1.0
TrainController,HYBRID,71,AP,120,0.6576385623678069
TrainController,HYBRID,37,AUC,60,0.5326460481099656
TrainController,HYBRID,36,AUC,59,0.14089347079037806
TrainController,HYBRID,35,AUC,58,0.9518900343642611
TrainController,HYBRID,73,AUC,122,1.0
TrainController,HYBRID,71,AUC,120,0.6819562862122568
TrainController,HYBRID,70,AUC,119,0.6585920203495218
TrainController,HYBRID,69,AUC,118,0.6760798907155307
TrainController,HYBRID,68,AUC,117,0.6383367092185219
TrainController,HYBRID,67,AUC,116,0.6588982052852231
TrainController,HYBRID,66,AUC,115,0.6666705921145603
TrainController,HYBRID,63,AP,104,0.08048575348671431
TrainController,HYBRID,62,AP,100,0.5803609837955049
TrainController,HYBRID,61,AP,98,0.012345679012345678
TrainController,HYBRID,116,AP,189,0.6517065980171696
TrainController,HYBRID,110,AP,183,0.8333333333333333
TrainController,HYBRID,111,AP,184,0.6594310141668271
TrainController,HYBRID,112,AP,185,0.6634270370147425
TrainController,HYBRID,113,AP,186,0.6880689436921564
TrainController,HYBRID,114,AP,187,0.6921037708433714
TrainController,HYBRID,89,AP,155,1.0
TrainController,HYBRID,103,AP,171,0.9166666666666665
TrainController,HYBRID,38,AUC,61,0.9982817869415808
TrainController,HYBRID,117,AP,190,0.6781632339044601
TrainController,HYBRID,59,AP,95,0.574813985028173
TrainController,HYBRID,118,AP,191,0.6492284329365616
TrainController,HYBRID,131,AP,204,1.0
TrainController,HYBRID,119,AP,192,0.5625
TrainController,HYBRID,120,AP,193,0.5384615384615384
TrainController,HYBRID,108,AP,181,0.032342657342657344
TrainController,HYBRID,121,AP,194,0.4817590853421093
TrainController,HYBRID,123,AP,196,0.6789825655972828
TrainController,HYBRID,124,AP,197,0.5895698299125927
TrainController,HYBRID,125,AP,198,0.6532946867162523
TrainController,HYBRID,126,AP,199,0.5613142417047513
TrainController,HYBRID,127,AP,200,0.565601629161242
TrainController,HYBRID,128,AP,201,0.6358075609599969
TrainController,HYBRID,129,AP,202,0.6694705586054949
TrainController,HYBRID,130,AP,203,1.0
TrainController,HYBRID,132,AP,205,1.0
TrainController,HYBRID,133,AP,210,0.07142857142857142
TrainController,HYBRID,60,AP,97,0.6835095879636404
TrainController,HYBRID,86,AP,151,0.6914419297475634
TrainController,HYBRID,85,AP,150,0.6351454598594466
TrainController,HYBRID,84,AP,149,0.6763159459041378
TrainController,HYBRID,122,AP,195,0.5219764564898517
TrainController,DIRECT,56,AP,92,0.5602611797632233
TrainController,DIRECT,44,AUC,68,0.5471264367816092
TrainController,DIRECT,49,LAG_NORMALIZED_INVERTED,75,0.635571906354515
TrainController,DIRECT,40,LAG_NORMALIZED_INVERTED,63,0.6555518394648829
TrainController,DIRECT,9,LAG_NORMALIZED_INVERTED,16,0.6892642140468228
TrainController,DIRECT,8,LAG_NORMALIZED_INVERTED,11,1.0
TrainController,DIRECT,7,LAG_NORMALIZED_INVERTED,10,0.6254180602006689
TrainController,DIRECT,6,LAG_NORMALIZED_INVERTED,9,0.7454113712374582
TrainController,DIRECT,5,LAG_NORMALIZED_INVERTED,8,0.6578862876254181
TrainController,DIRECT,4,LAG_NORMALIZED_INVERTED,6,0.7353779264214046
TrainController,DIRECT,3,LAG_NORMALIZED_INVERTED,5,0.6661471571906354
TrainController,DIRECT,2,LAG_NORMALIZED_INVERTED,4,0.7276666666666667
TrainController,DIRECT,1,LAG_NORMALIZED_INVERTED,3,0.6874715719063546
TrainController,DIRECT,0,LAG_NORMALIZED_INVERTED,1,1.0
TrainController,DIRECT,11,LAG_NORMALIZED_INVERTED,27,0.6556989966555185
TrainController,DIRECT,12,LAG_NORMALIZED_INVERTED,28,0.694
TrainController,DIRECT,14,LAG_NORMALIZED_INVERTED,34,0.6763545150501672
TrainController,DIRECT,10,LAG_NORMALIZED_INVERTED,23,0.882
TrainController,DIRECT,70,LAG_NORMALIZED_INVERTED,119,0.6727491638795986
TrainController,DIRECT,69,LAG_NORMALIZED_INVERTED,118,0.675799331103679
TrainController,DIRECT,68,LAG_NORMALIZED_INVERTED,117,0.6743076923076923
TrainController,DIRECT,67,LAG_NORMALIZED_INVERTED,116,0.6554916387959866
TrainController,DIRECT,66,LAG_NORMALIZED_INVERTED,115,0.6619598662207358
TrainController,DIRECT,65,LAG_NORMALIZED_INVERTED,114,0.6786666666666668
TrainController,DIRECT,64,LAG_NORMALIZED_INVERTED,112,0.6535585284280936
TrainController,DIRECT,63,LAG_NORMALIZED_INVERTED,104,0.9056666666666666
TrainController,DIRECT,62,LAG_NORMALIZED_INVERTED,100,0.6432842809364548
TrainController,DIRECT,61,LAG_NORMALIZED_INVERTED,98,0.954
TrainController,DIRECT,60,LAG_NORMALIZED_INVERTED,97,0.7160936454849498
TrainController,DIRECT,59,LAG_NORMALIZED_INVERTED,95,0.7036120401337793
TrainController,DIRECT,71,LAG_NORMALIZED_INVERTED,120,0.678448160535117
TrainController,DIRECT,121,LAG_NORMALIZED_INVERTED,194,0.6202140468227425
TrainController,DIRECT,39,LAG_NORMALIZED_INVERTED,62,0.660923076923077
TrainController,DIRECT,24,LAG_NORMALIZED_INVERTED,46,0.7823333333333333
TrainController,DIRECT,42,LAG_NORMALIZED_INVERTED,66,0.6673244147157191
TrainController,DIRECT,121,AUC,194,0.41343798577417684
TrainController,DIRECT,120,LAG_NORMALIZED_INVERTED,193,0.968
TrainController,DIRECT,122,LAG_NORMALIZED_INVERTED,195,0.6276254180602007
TrainController,DIRECT,43,LAG_NORMALIZED_INVERTED,67,0.6721404682274248
TrainController,DIRECT,41,LAG_NORMALIZED_INVERTED,65,0.6666220735785953
TrainController,DIRECT,37,LAG_NORMALIZED_INVERTED,60,0.646
TrainController,DIRECT,36,LAG_NORMALIZED_INVERTED,59,0.04799999999999993
TrainController,DIRECT,35,LAG_NORMALIZED_INVERTED,58,0.942
TrainController,DIRECT,34,LAG_NORMALIZED_INVERTED,57,0.872
TrainController,DIRECT,33,LAG_NORMALIZED_INVERTED,56,0.7629498327759198
TrainController,DIRECT,32,LAG_NORMALIZED_INVERTED,55,0.665
TrainController,DIRECT,31,LAG_NORMALIZED_INVERTED,54,0.738
TrainController,DIRECT,30,LAG_NORMALIZED_INVERTED,53,0.6572040133779264
TrainController,DIRECT,29,LAG_NORMALIZED_INVERTED,52,0.6797725752508361
TrainController,DIRECT,13,LAG_NORMALIZED_INVERTED,33,0.6580802675585284
TrainController,DIRECT,28,LAG_NORMALIZED_INVERTED,50,0.6680133779264215
TrainController,DIRECT,26,LAG_NORMALIZED_INVERTED,48,0.6931304347826086
TrainController,DIRECT,38,LAG_NORMALIZED_INVERTED,61,0.996
TrainController,DIRECT,25,LAG_NORMALIZED_INVERTED,47,0.6827224080267558
TrainController,DIRECT,23,LAG_NORMALIZED_INVERTED,45,0.6840668896321069
TrainController,DIRECT,22,LAG_NORMALIZED_INVERTED,43,0.8284
TrainController,DIRECT,21,LAG_NORMALIZED_INVERTED,42,0.7576923076923077
TrainController,DIRECT,20,LAG_NORMALIZED_INVERTED,41,0.7069565217391305
TrainController,DIRECT,19,LAG_NORMALIZED_INVERTED,40,0.9915555555555555
TrainController,DIRECT,18,LAG_NORMALIZED_INVERTED,38,0.6411371237458194
TrainController,DIRECT,17,LAG_NORMALIZED_INVERTED,37,0.702361204013378
TrainController,DIRECT,16,LAG_NORMALIZED_INVERTED,36,0.30133333333333334
TrainController,DIRECT,15,LAG_NORMALIZED_INVERTED,35,0.6529899665551839
TrainController,DIRECT,27,LAG_NORMALIZED_INVERTED,49,0.8063333333333333
TrainController,DIRECT,58,LAG_NORMALIZED_INVERTED,94,0.03200000000000003
TrainController,DIRECT,89,AUC,155,1.0
TrainController,DIRECT,56,LAG_NORMALIZED_INVERTED,92,0.7226956521739131
TrainController,DIRECT,54,LAG_NORMALIZED_INVERTED,87,0.6480066889632107
TrainController,DIRECT,117,LAG_NORMALIZED_INVERTED,190,0.7705083612040133
TrainController,DIRECT,131,LAG_NORMALIZED_INVERTED,204,1.0
TrainController,DIRECT,133,LAG_NORMALIZED_INVERTED,210,0.952
TrainController,DIRECT,104,LAG_NORMALIZED_INVERTED,176,0.7595317725752508
TrainController,DIRECT,113,LAG_NORMALIZED_INVERTED,186,0.7797123745819398
TrainController,DIRECT,102,LAG_NORMALIZED_INVERTED,170,1.0
TrainController,DIRECT,72,LAG_NORMALIZED_INVERTED,121,0.7031438127090301
TrainController,DIRECT,74,LAG_NORMALIZED_INVERTED,125,0.6738595317725753
TrainController,DIRECT,44,LAG_NORMALIZED_INVERTED,68,0.47466666666666657
TrainController,DIRECT,87,LAG_NORMALIZED_INVERTED,152,0.7105752508361204
TrainController,DIRECT,100,LAG_NORMALIZED_INVERTED,168,0.9584615384615385
TrainController,DIRECT,99,LAG_NORMALIZED_INVERTED,167,0.7595384615384615
TrainController,DIRECT,98,LAG_NORMALIZED_INVERTED,165,0.7585819397993311
TrainController,DIRECT,130,LAG_NORMALIZED_INVERTED,203,1.0
TrainController,DIRECT,97,LAG_NORMALIZED_INVERTED,164,0.7553444816053512
TrainController,DIRECT,95,LAG_NORMALIZED_INVERTED,162,0.7206354515050166
TrainController,DIRECT,94,LAG_NORMALIZED_INVERTED,161,0.7156454849498328
TrainController,DIRECT,93,LAG_NORMALIZED_INVERTED,159,1.0
TrainController,DIRECT,92,LAG_NORMALIZED_INVERTED,158,0.7181070234113712
TrainController,DIRECT,91,LAG_NORMALIZED_INVERTED,157,1.0
TrainController,DIRECT,90,LAG_NORMALIZED_INVERTED,156,1.0
TrainController,DIRECT,89,LAG_NORMALIZED_INVERTED,155,1.0
TrainController,DIRECT,73,LAG_NORMALIZED_INVERTED,122,1.0
TrainController,DIRECT,86,LAG_NORMALIZED_INVERTED,151,0.7476454849498327
TrainController,DIRECT,85,LAG_NORMALIZED_INVERTED,150,0.6852976588628763
TrainController,DIRECT,84,LAG_NORMALIZED_INVERTED,149,0.7047826086956521
TrainController,DIRECT,83,LAG_NORMALIZED_INVERTED,148,1.0
TrainController,DIRECT,82,LAG_NORMALIZED_INVERTED,147,0.730742474916388
TrainController,DIRECT,96,LAG_NORMALIZED_INVERTED,163,0.7127692307692308
TrainController,DIRECT,105,LAG_NORMALIZED_INVERTED,177,0.6948494983277591
TrainController,DIRECT,106,LAG_NORMALIZED_INVERTED,178,0.692608695652174
TrainController,DIRECT,107,LAG_NORMALIZED_INVERTED,180,0.988
TrainController,DIRECT,53,LAG_NORMALIZED_INVERTED,86,0.690180602006689
TrainController,DIRECT,52,LAG_NORMALIZED_INVERTED,80,0.6513578595317726
TrainController,DIRECT,51,LAG_NORMALIZED_INVERTED,79,0.23199999999999998
TrainController,DIRECT,50,LAG_NORMALIZED_INVERTED,76,0.6320267558528427
TrainController,DIRECT,48,LAG_NORMALIZED_INVERTED,74,0.631190635451505
TrainController,DIRECT,47,LAG_NORMALIZED_INVERTED,72,0.6451705685618729
TrainController,DIRECT,46,LAG_NORMALIZED_INVERTED,71,0.65238127090301
TrainController,DIRECT,101,LAG_NORMALIZED_INVERTED,169,0.7456989966555183
TrainController,DIRECT,45,LAG_NORMALIZED_INVERTED,70,0.6519999999999999
TrainController,DIRECT,103,LAG_NORMALIZED_INVERTED,171,0.9986666666666667
TrainController,DIRECT,132,LAG_NORMALIZED_INVERTED,205,1.0
TrainController,DIRECT,129,LAG_NORMALIZED_INVERTED,202,0.6652976588628763
TrainController,DIRECT,123,LAG_NORMALIZED_INVERTED,196,0.6794983277591973
TrainController,DIRECT,125,LAG_NORMALIZED_INVERTED,198,0.71123745819398
TrainController,DIRECT,126,LAG_NORMALIZED_INVERTED,199,0.6399264214046823
TrainController,DIRECT,127,LAG_NORMALIZED_INVERTED,200,0.6349030100334448
TrainController,DIRECT,128,LAG_NORMALIZED_INVERTED,201,0.6657591973244148
TrainController,DIRECT,119,LAG_NORMALIZED_INVERTED,192,0.983
TrainController,DIRECT,124,LAG_NORMALIZED_INVERTED,197,0.6527625418060201
TrainController,DIRECT,118,LAG_NORMALIZED_INVERTED,191,0.683571906354515
TrainController,DIRECT,111,LAG_NORMALIZED_INVERTED,184,0.7711170568561874
TrainController,DIRECT,116,LAG_NORMALIZED_INVERTED,189,0.7176254180602006
TrainController,DIRECT,115,LAG_NORMALIZED_INVERTED,188,0.6994247491638796
TrainController,DIRECT,57,LAG_NORMALIZED_INVERTED,93,0.7873504273504274
TrainController,DIRECT,114,LAG_NORMALIZED_INVERTED,187,0.7242675585284281
TrainController,DIRECT,112,LAG_NORMALIZED_INVERTED,185,0.7809765886287625
TrainController,DIRECT,110,LAG_NORMALIZED_INVERTED,183,0.998
TrainController,DIRECT,109,LAG_NORMALIZED_INVERTED,182,0.7223612040133779
TrainController,DIRECT,108,LAG_NORMALIZED_INVERTED,181,0.613
TrainController,DIRECT,55,LAG_NORMALIZED_INVERTED,88,0.6723678929765886
TrainController,DIRECT,76,AUC,134,0.45504969617033303
TrainController,DIRECT,77,AUC,135,0.4758584954543313
TrainController,DIRECT,78,AUC,137,0.8063218390804597
TrainController,DIRECT,10,AUC,23,0.8984509466437176
TrainController,DIRECT,9,AUC,16,0.5596825097743653
TrainController,DIRECT,8,AUC,11,1.0
TrainController,DIRECT,7,AUC,10,0.43436454849498324
TrainController,DIRECT,6,AUC,9,0.589076263601677
TrainController,DIRECT,5,AUC,8,0.49385274859861505
TrainController,DIRECT,4,AUC,6,0.6041970888878421
TrainController,DIRECT,3,AUC,5,0.5349345235291346
TrainController,DIRECT,2,AUC,4,0.6711438474870017
TrainController,DIRECT,1,AUC,3,0.527792171086721
TrainController,DIRECT,12,AUC,28,0.7371134020618557
TrainController,DIRECT,71,AUC,120,0.5447854350181356
TrainController,DIRECT,70,AUC,119,0.5323025107164727
TrainController,DIRECT,11,AUC,27,0.48033939422488103
TrainController,DIRECT,69,AUC,118,0.5298883602619058
TrainController,DIRECT,67,AUC,116,0.5265674313439164
TrainController,DIRECT,66,AUC,115,0.5297705968250979
TrainController,DIRECT,65,AUC,114,0.639370306181398
TrainController,DIRECT,64,AUC,112,0.5461043855103868
TrainController,DIRECT,63,AUC,104,0.9182553437319468
TrainController,DIRECT,62,AUC,100,0.5049460643459419
TrainController,DIRECT,61,AUC,98,0.9604810996563574
TrainController,DIRECT,60,AUC,97,0.5793077865184418
TrainController,DIRECT,72,AUC,121,0.5758985350228462
TrainController,DIRECT,59,AUC,95,0.478096000753686
TrainController,DIRECT,57,AUC,93,0.6602930926965261
TrainController,DIRECT,56,AUC,92,0.5537884497621179
TrainController,DIRECT,55,AUC,88,0.5196959348061614
TrainController,DIRECT,68,AUC,117,0.5136487823260635
TrainController,DIRECT,13,AUC,33,0.5065653116020538
TrainController,DIRECT,0,AUC,1,1.0
TrainController,DIRECT,14,AUC,34,0.5209854444392106
TrainController,DIRECT,43,AUC,67,0.5193485326675774
TrainController,DIRECT,42,AUC,66,0.5421239813462716
TrainController,DIRECT,41,AUC,65,0.5061531395732253
TrainController,DIRECT,40,AUC,63,0.5202082057562768
TrainController,DIRECT,39,AUC,62,0.5379433793395827
TrainController,DIRECT,38,AUC,61,0.9965635738831614
TrainController,DIRECT,37,AUC,60,0.6958762886597938
TrainController,DIRECT,36,AUC,59,0.39948453608247425
TrainController,DIRECT,35,AUC,58,0.950171821305842
TrainController,DIRECT,34,AUC,57,0.8900343642611684
TrainController,DIRECT,33,AUC,56,0.582681708982995
TrainController,DIRECT,32,AUC,55,0.6929520508376661
TrainController,DIRECT,31,AUC,54,0.774914089347079
TrainController,DIRECT,15,AUC,35,0.4984690753214942
TrainController,DIRECT,16,AUC,36,0.49827586206896546
TrainController,DIRECT,30,AUC,53,0.5257548636299402
TrainController,DIRECT,27,AUC,49,0.7746967071057191
TrainController,DIRECT,26,AUC,48,0.5125653587074285
TrainController,DIRECT,25,AUC,47,0.49853973338357904
TrainController,DIRECT,24,AUC,46,0.7709416522241478
TrainController,DIRECT,23,AUC,45,0.5149559564746338
TrainController,DIRECT,22,AUC,43,0.8515570934256056
TrainController,DIRECT,21,AUC,42,0.7874493927125505
TrainController,DIRECT,20,AUC,41,0.5637806773752885
TrainController,DIRECT,19,AUC,40,0.9926442121564072
TrainController,DIRECT,18,AUC,38,0.4856681897404494
TrainController,DIRECT,17,AUC,37,0.5586344151867728
TrainController,DIRECT,29,AUC,52,0.5366008761599698
TrainController,DIRECT,28,AUC,50,0.5103455179235951
TrainController,DIRECT,54,AUC,87,0.471830985915493
TrainController,DIRECT,53,AUC,86,0.46256300343869233
TrainController,DIRECT,52,AUC,80,0.4957075227283434
TrainController,DIRECT,51,AUC,79,0.325
TrainController,DIRECT,133,AUC,210,0.9587628865979381
TrainController,DIRECT,116,AUC,189,0.569574638466249
TrainController,DIRECT,103,AUC,171,0.9988505747126437
TrainController,DIRECT,73,AUC,122,1.0
TrainController,DIRECT,75,AUC,127,0.602042017994253
TrainController,DIRECT,45,AUC,70,0.7010309278350516
TrainController,DIRECT,88,AUC,153,0.5510033444816054
TrainController,DIRECT,101,AUC,169,0.6090195016251355
TrainController,DIRECT,100,AUC,168,0.9635627530364372
TrainController,DIRECT,99,AUC,167,0.624434735503321
TrainController,DIRECT,98,AUC,165,0.6235338452117387
TrainController,DIRECT,97,AUC,164,0.608389467238212
TrainController,DIRECT,96,AUC,163,0.5902421216260775
TrainController,DIRECT,95,AUC,162,0.5824344057656978
TrainController,DIRECT,94,AUC,161,0.5858848744641765
TrainController,DIRECT,93,AUC,159,1.0
TrainController,DIRECT,92,AUC,158,0.5335272504592774
TrainController,DIRECT,91,AUC,157,1.0
TrainController,DIRECT,90,AUC,156,1.0
TrainController,DIRECT,74,AUC,125,0.5225634744924396
TrainController,DIRECT,87,AUC,152,0.5469876112864478
TrainController,DIRECT,86,AUC,151,0.6057692307692308
TrainController,DIRECT,85,AUC,150,0.5602301097555231
TrainController,DIRECT,84,AUC,149,0.5873098120495549
TrainController,DIRECT,83,AUC,148,1.0
TrainController,DIRECT,82,AUC,147,0.5668778557633426
TrainController,DIRECT,81,AUC,146,0.5274918743228602
TrainController,DIRECT,80,AUC,141,0.5913608742757548
TrainController,DIRECT,79,AUC,139,0.5440081963352018
TrainController,DIRECT,118,AUC,191,0.5535058175137783
TrainController,DIRECT,81,LAG_NORMALIZED_INVERTED,146,0.7153177257525083
TrainController,DIRECT,132,AUC,205,1.0
TrainController,DIRECT,108,AUC,181,0.6639414802065404
TrainController,DIRECT,50,AUC,76,0.44363841914362423
TrainController,DIRECT,49,AUC,75,0.44673559753167846
TrainController,DIRECT,48,AUC,74,0.44176598049837484
TrainController,DIRECT,47,AUC,72,0.4832304865985209
TrainController,DIRECT,102,AUC,170,1.0
TrainController,DIRECT,46,AUC,71,0.48944839606199075
TrainController,DIRECT,104,AUC,176,0.6352748598615102
TrainController,DIRECT,105,AUC,177,0.5712939846436478
TrainController,DIRECT,122,AUC,195,0.45123416081774925
TrainController,DIRECT,123,AUC,196,0.5518394648829431
TrainController,DIRECT,125,AUC,198,0.564122191342032
TrainController,DIRECT,131,AUC,204,1.0
TrainController,DIRECT,127,AUC,200,0.46415280983560225
TrainController,DIRECT,128,AUC,201,0.5435724716190118
TrainController,DIRECT,129,AUC,202,0.5474939940647228
TrainController,DIRECT,130,AUC,203,1.0
TrainController,DIRECT,120,AUC,193,0.972461273666093
TrainController,DIRECT,126,AUC,199,0.47967403080691506
TrainController,DIRECT,119,AUC,192,0.9853700516351119
TrainController,DIRECT,106,AUC,178,0.5526167035658769
TrainController,DIRECT,58,AUC,94,0.4286941580756014
TrainController,DIRECT,117,AUC,190,0.6367586791652927
TrainController,DIRECT,115,AUC,188,0.564322389184606
TrainController,DIRECT,114,AUC,187,0.6158909981628904
TrainController,DIRECT,113,AUC,186,0.6119812520608602
TrainController,DIRECT,112,AUC,185,0.6144071788591078
TrainController,DIRECT,111,AUC,184,0.596919308493099
TrainController,DIRECT,110,AUC,183,0.9982788296041307
TrainController,DIRECT,109,AUC,182,0.6009114890008951
TrainController,DIRECT,107,AUC,180,0.9896729776247848
TrainController,DIRECT,80,LAG_NORMALIZED_INVERTED,141,0.7144882943143813
TrainController,DIRECT,19,AP,40,0.7420746310219994
TrainController,DIRECT,78,LAG_NORMALIZED_INVERTED,137,0.7753333333333333
TrainController,DIRECT,63,AP,104,0.06933326516277827
TrainController,DIRECT,62,AP,100,0.5047028669478271
TrainController,DIRECT,100,AP,168,0.779376658846751
TrainController,DIRECT,99,AP,167,0.5906948989518932
TrainController,DIRECT,98,AP,165,0.5916394432508714
TrainController,DIRECT,97,AP,164,0.6098772663384608
TrainController,DIRECT,96,AP,163,0.5907248154808753
TrainController,DIRECT,87,AP,152,0.6040316781810217
TrainController,DIRECT,51,AP,79,0.005145797598627788
TrainController,DIRECT,95,AP,162,0.5842574186074053
TrainController,DIRECT,45,AP,70,0.005714285714285714
TrainController,DIRECT,129,AP,202,0.5582567785067416
TrainController,DIRECT,43,AP,67,0.5252418987852724
TrainController,DIRECT,128,AP,201,0.5345113682151919
TrainController,DIRECT,64,AP,112,0.5423495016957318
TrainController,DIRECT,127,AP,200,0.4947588771100806
TrainController,DIRECT,126,AP,199,0.4922144818510266
TrainController,DIRECT,48,AP,74,0.5180506322196676
TrainController,DIRECT,41,AP,65,0.5435561090972966
TrainController,DIRECT,10,AP,23,0.024726775956284155
TrainController,DIRECT,9,AP,16,0.5617522687796177
TrainController,DIRECT,49,AP,75,0.5292871846710854
TrainController,DIRECT,8,AP,11,1.0
TrainController,DIRECT,50,AP,76,0.5257386732051548
TrainController,DIRECT,124,AP,197,0.5243078767514646
TrainController,DIRECT,123,AP,196,0.5597564258025077
TrainController,DIRECT,122,AP,195,0.47127094453134777
TrainController,DIRECT,121,AP,194,0.4504598053553602
TrainController,DIRECT,7,AP,10,0.464310829582803
TrainController,DIRECT,6,AP,9,0.5668929211936308
TrainController,DIRECT,47,AP,72,0.5134086034153922
TrainController,DIRECT,66,AP,115,0.5242388000970986
TrainController,DIRECT,67,AP,116,0.5278693217507104
TrainController,DIRECT,68,AP,117,0.526015823293703
TrainController,DIRECT,42,AP,66,0.5598020142183816
TrainController,DIRECT,79,LAG_NORMALIZED_INVERTED,139,0.6537993311036789
TrainController,DIRECT,77,AP,135,0.5033916843590492
TrainController,DIRECT,89,AP,155,1.0
TrainController,DIRECT,85,AP,150,0.5413419457291659
TrainController,DIRECT,84,AP,149,0.5894874769787053
TrainController,DIRECT,83,AP,148,1.0
TrainController,DIRECT,82,AP,147,0.5923625657260303
TrainController,DIRECT,72,AP,121,0.5718333508381479
TrainController,DIRECT,60,AP,97,0.5582498370300367
TrainController,DIRECT,61,AP,98,0.041666666666666664
TrainController,DIRECT,81,AP,146,0.5267895736935104
TrainController,DIRECT,80,AP,141,0.6060473932111555
TrainController,DIRECT,79,AP,139,0.5462773641406055
TrainController,DIRECT,78,AP,137,0.01751700680272109
TrainController,DIRECT,76,AP,134,0.49121101743063583
TrainController,DIRECT,88,AP,153,0.5587698487867443
TrainController,DIRECT,69,AP,118,0.5441032196927129
TrainController,DIRECT,70,AP,119,0.5470975434585457
TrainController,DIRECT,71,AP,120,0.5425662818366787
TrainController,DIRECT,102,AP,170,1.0
TrainController,DIRECT,103,AP,171,0.8666666666666667
TrainController,DIRECT,101,AP,169,0.6132093789391406
TrainController,DIRECT,120,AP,193,0.5294117647058824
TrainController,DIRECT,104,AP,176,0.6391735966588652
TrainController,DIRECT,93,AP,159,1.0
TrainController,DIRECT,92,AP,158,0.5613650693449357
TrainController,DIRECT,91,AP,157,1.0
TrainController,DIRECT,59,AP,95,0.4848044903552413
TrainController,DIRECT,90,AP,156,1.0
TrainController,DIRECT,74,AP,125,0.5245934851144113
TrainController,DIRECT,94,AP,161,0.5863300991290636
TrainController,DIRECT,5,AP,8,0.4997547022571839
TrainController,DIRECT,65,AP,114,0.08105159470007707
TrainController,DIRECT,119,AP,192,0.5526315789473684
TrainController,DIRECT,4,AP,6,0.5964204365687211
TrainController,DIRECT,75,AP,127,0.5951384633006032
TrainController,DIRECT,73,AP,122,1.0
TrainController,DIRECT,105,AP,177,0.6015220596829265
TrainController,DIRECT,124,AUC,197,0.4867869423901267
TrainController,DIRECT,88,LAG_NORMALIZED_INVERTED,153,0.6958729096989966
TrainController,DIRECT,58,AP,94,0.0017152658662092624
TrainController,DIRECT,46,AP,71,0.5002736037440504
TrainController,DIRECT,75,LAG_NORMALIZED_INVERTED,127,0.710113712374582
TrainController,DIRECT,77,LAG_NORMALIZED_INVERTED,135,0.6498060200668896
TrainController,DIRECT,118,AP,191,0.5583796260913835
TrainController,DIRECT,76,LAG_NORMALIZED_INVERTED,134,0.6375317725752508
TrainController,DIRECT,0,AP,1,1.0
TrainController,DIRECT,3,AP,5,0.5270868014071992
TrainController,DIRECT,1,AP,3,0.5060553010677079
TrainController,DIRECT,12,AP,28,0.006493506493506494
TrainController,DIRECT,2,AP,4,0.24959024204307223
EasyClinic,HYBRID,7,AUC,7,0.7621621621621621
EasyClinic,DIRECT,9,AUC,9,0.8324324324324324
EasyClinic,DIRECT,0,LAG_NORMALIZED_INVERTED,0,0.1594827586206896
EasyClinic,DIRECT,1,LAG_NORMALIZED_INVERTED,1,0.40086206896551724
EasyClinic,DIRECT,8,AUC,8,0.9108108108108108
EasyClinic,HYBRID,9,AUC,9,0.8783783783783783
EasyClinic,DIRECT,7,AUC,7,0.6702702702702703
EasyClinic,HYBRID,10,AUC,10,0.9594594594594594
EasyClinic,HYBRID,11,AUC,11,0.9486486486486487
EasyClinic,HYBRID,12,AUC,12,0.9285714285714286
EasyClinic,DIRECT,2,LAG_NORMALIZED_INVERTED,2,0.5043103448275861
EasyClinic,DIRECT,6,AUC,6,0.7135135135135136
EasyClinic,DIRECT,5,AUC,5,0.6235294117647059
EasyClinic,DIRECT,3,LAG_NORMALIZED_INVERTED,3,0.40646551724137925
EasyClinic,DIRECT,4,LAG_NORMALIZED_INVERTED,4,0.4655172413793103
EasyClinic,DIRECT,4,AUC,4,0.7568627450980392
EasyClinic,DIRECT,5,LAG_NORMALIZED_INVERTED,5,0.17241379310344818
EasyClinic,HYBRID,14,AUC,14,0.9714285714285714
EasyClinic,HYBRID,29,AP,29,0.5499092142781616
EasyClinic,HYBRID,28,LAG_NORMALIZED_INVERTED,28,0.4094827586206896
EasyClinic,HYBRID,3,LAG_NORMALIZED_INVERTED,3,0.6189655172413793
EasyClinic,HYBRID,15,LAG_NORMALIZED_INVERTED,15,0.9755747126436781
EasyClinic,DIRECT,3,AUC,3,0.7810810810810811
EasyClinic,DIRECT,2,AUC,2,0.7745098039215687
EasyClinic,HYBRID,3,AUC,3,0.8594594594594596
EasyClinic,DIRECT,10,AUC,10,0.972972972972973
EasyClinic,DIRECT,12,LAG_NORMALIZED_INVERTED,12,0.6545566502463054
EasyClinic,DIRECT,27,LAG_NORMALIZED_INVERTED,27,0.357758620689655
EasyClinic,DIRECT,11,AUC,11,0.9756756756756756
EasyClinic,HYBRID,27,AUC,27,0.6470588235294118
EasyClinic,DIRECT,22,LAG_NORMALIZED_INVERTED,22,0.5301724137931034
EasyClinic,DIRECT,10,LAG_NORMALIZED_INVERTED,10,0.9267241379310345
EasyClinic,DIRECT,11,LAG_NORMALIZED_INVERTED,11,0.934051724137931
EasyClinic,DIRECT,13,LAG_NORMALIZED_INVERTED,13,0.6022167487684729
EasyClinic,DIRECT,26,LAG_NORMALIZED_INVERTED,26,0.2068965517241378
EasyClinic,DIRECT,14,LAG_NORMALIZED_INVERTED,14,0.8639162561576355
EasyClinic,DIRECT,15,LAG_NORMALIZED_INVERTED,15,1.0
EasyClinic,DIRECT,16,LAG_NORMALIZED_INVERTED,16,0.8429802955665024
EasyClinic,HYBRID,5,AUC,5,0.6215686274509804
EasyClinic,DIRECT,17,LAG_NORMALIZED_INVERTED,17,0.6545566502463054
EasyClinic,DIRECT,18,LAG_NORMALIZED_INVERTED,18,0.6440886699507389
EasyClinic,DIRECT,19,LAG_NORMALIZED_INVERTED,19,0.27155172413793094
EasyClinic,DIRECT,20,LAG_NORMALIZED_INVERTED,20,0.8021551724137931
EasyClinic,DIRECT,21,LAG_NORMALIZED_INVERTED,21,0.30603448275862066
EasyClinic,DIRECT,23,LAG_NORMALIZED_INVERTED,23,0.0
EasyClinic,DIRECT,24,LAG_NORMALIZED_INVERTED,24,0.7948275862068965
EasyClinic,DIRECT,25,LAG_NORMALIZED_INVERTED,25,0.31034482758620685
EasyClinic,HYBRID,4,AUC,4,0.792156862745098
EasyClinic,HYBRID,2,AUC,2,0.7196078431372549
EasyClinic,HYBRID,28,AUC,28,0.7313725490196079
EasyClinic,HYBRID,29,AUC,29,0.6137254901960785
EasyClinic,DIRECT,9,LAG_NORMALIZED_INVERTED,9,0.5456896551724137
EasyClinic,HYBRID,14,LAG_NORMALIZED_INVERTED,14,0.916256157635468
EasyClinic,DIRECT,7,LAG_NORMALIZED_INVERTED,7,0.1060344827586206
EasyClinic,DIRECT,6,LAG_NORMALIZED_INVERTED,6,0.22327586206896544
EasyClinic,DIRECT,28,LAG_NORMALIZED_INVERTED,28,0.3318965517241379
EasyClinic,DIRECT,29,LAG_NORMALIZED_INVERTED,29,0.02155172413793094
EasyClinic,HYBRID,8,AUC,8,0.9243243243243243
EasyClinic,HYBRID,6,AUC,6,0.8432432432432433
EasyClinic,HYBRID,13,LAG_NORMALIZED_INVERTED,13,0.6964285714285714
EasyClinic,HYBRID,7,LAG_NORMALIZED_INVERTED,7,0.3551724137931034
EasyClinic,HYBRID,10,LAG_NORMALIZED_INVERTED,10,0.8900862068965517
EasyClinic,HYBRID,18,LAG_NORMALIZED_INVERTED,18,0.5917487684729064
EasyClinic,DIRECT,20,AUC,20,0.9270270270270271
EasyClinic,DIRECT,19,AUC,19,0.6686274509803922
EasyClinic,DIRECT,18,AUC,18,0.8785714285714286
EasyClinic,DIRECT,17,AUC,17,0.8821428571428571
EasyClinic,DIRECT,16,AUC,16,0.9464285714285714
EasyClinic,DIRECT,0,AUC,0,0.6176470588235294
EasyClinic,DIRECT,2,AP,2,0.6889925417456007
EasyClinic,DIRECT,3,AP,3,0.5508969534050179
EasyClinic,DIRECT,4,AP,4,0.6986291849721957
EasyClinic,DIRECT,23,AP,23,0.49762246574043645
EasyClinic,DIRECT,24,AP,24,0.8069094304388421
EasyClinic,DIRECT,5,AP,5,0.5634341316228554
EasyClinic,DIRECT,25,AP,25,0.6637582306839479
EasyClinic,DIRECT,26,AP,26,0.52351117276604
EasyClinic,DIRECT,27,AP,27,0.6724226151067316
EasyClinic,DIRECT,6,AP,6,0.5941697523988045
EasyClinic,DIRECT,9,AP,9,0.7016421568627451
EasyClinic,DIRECT,18,AP,18,0.8039682539682538
EasyClinic,DIRECT,17,AP,17,0.8246460746460746
EasyClinic,DIRECT,16,AP,16,0.8629251700680272
EasyClinic,DIRECT,28,AP,28,0.6754819498160212
EasyClinic,DIRECT,15,AP,15,1.0
EasyClinic,DIRECT,21,AUC,21,0.6843137254901961
EasyClinic,DIRECT,13,AP,13,0.6609596286066874
EasyClinic,DIRECT,11,AP,11,0.9406417112299464
EasyClinic,DIRECT,10,AP,10,0.9317307692307693
EasyClinic,DIRECT,8,AP,8,0.845446127946128
EasyClinic,DIRECT,20,AP,20,0.7486343262001155
EasyClinic,DIRECT,7,AP,7,0.5409755239183257
EasyClinic,DIRECT,22,AP,22,0.7258449565274426
EasyClinic,DIRECT,12,AP,12,0.7483333333333333
EasyClinic,HYBRID,11,LAG_NORMALIZED_INVERTED,11,0.8607758620689655
EasyClinic,HYBRID,13,AUC,13,0.8964285714285714
EasyClinic,DIRECT,23,AUC,23,0.5450980392156863
EasyClinic,HYBRID,9,LAG_NORMALIZED_INVERTED,9,0.6702586206896551
EasyClinic,HYBRID,8,LAG_NORMALIZED_INVERTED,8,0.7948275862068965
EasyClinic,HYBRID,6,LAG_NORMALIZED_INVERTED,6,0.575
EasyClinic,HYBRID,5,LAG_NORMALIZED_INVERTED,5,0.168103448275862
EasyClinic,HYBRID,4,LAG_NORMALIZED_INVERTED,4,0.5431034482758621
EasyClinic,HYBRID,2,LAG_NORMALIZED_INVERTED,2,0.3836206896551724
EasyClinic,HYBRID,1,LAG_NORMALIZED_INVERTED,1,0.4956896551724137
EasyClinic,DIRECT,14,AUC,14,0.9535714285714285
EasyClinic,HYBRID,0,LAG_NORMALIZED_INVERTED,0,0.2801724137931033
EasyClinic,HYBRID,12,LAG_NORMALIZED_INVERTED,12,0.7906403940886699
EasyClinic,DIRECT,29,AUC,29,0.5549019607843138
EasyClinic,DIRECT,21,AP,21,0.5941487768454442
EasyClinic,HYBRID,26,LAG_NORMALIZED_INVERTED,26,0.2801724137931033
EasyClinic,DIRECT,1,AUC,1,0.7274509803921568
EasyClinic,HYBRID,28,AP,28,0.7362803925210293
EasyClinic,DIRECT,14,AP,14,0.8398268398268398
EasyClinic,HYBRID,25,LAG_NORMALIZED_INVERTED,25,0.34913793103448265
EasyClinic,DIRECT,24,AUC,24,0.9243243243243243
EasyClinic,DIRECT,25,AUC,25,0.6862745098039216
EasyClinic,DIRECT,26,AUC,26,0.6392156862745098
EasyClinic,DIRECT,27,AUC,27,0.707843137254902
EasyClinic,DIRECT,28,AUC,28,0.696078431372549
EasyClinic,DIRECT,15,AUC,15,1.0
EasyClinic,DIRECT,22,AUC,22,0.7862745098039214
EasyClinic,DIRECT,13,AUC,13,0.8642857142857143
EasyClinic,HYBRID,27,AP,27,0.6050776052400321
EasyClinic,HYBRID,20,LAG_NORMALIZED_INVERTED,20,0.7435344827586207
EasyClinic,HYBRID,21,LAG_NORMALIZED_INVERTED,21,0.2758620689655171
EasyClinic,HYBRID,22,LAG_NORMALIZED_INVERTED,22,0.5344827586206896
EasyClinic,HYBRID,23,LAG_NORMALIZED_INVERTED,23,0.2025862068965516
EasyClinic,HYBRID,24,LAG_NORMALIZED_INVERTED,24,0.853448275862069
EasyClinic,DIRECT,12,AUC,12,0.8821428571428571
EasyClinic,HYBRID,15,AUC,15,0.9924242424242424
EasyClinic,DIRECT,8,LAG_NORMALIZED_INVERTED,8,0.7581896551724138
EasyClinic,HYBRID,16,AUC,16,0.8928571428571428
EasyClinic,HYBRID,21,AP,21,0.5838306876756157
EasyClinic,HYBRID,20,AP,20,0.8085847975553857
EasyClinic,HYBRID,19,AP,19,0.6695163703376071
EasyClinic,HYBRID,18,AP,18,0.7841836734693877
EasyClinic,HYBRID,17,AP,17,0.8226190476190476
EasyClinic,HYBRID,16,AP,16,0.8414965986394556
EasyClinic,HYBRID,22,AP,22,0.707502451739824
EasyClinic,HYBRID,15,AP,15,0.9166666666666665
EasyClinic,HYBRID,12,AP,12,0.7952380952380951
EasyClinic,HYBRID,11,AP,11,0.9048504273504273
EasyClinic,HYBRID,10,AP,10,0.9049999999999999
EasyClinic,HYBRID,9,AP,9,0.7879399585921325
EasyClinic,HYBRID,8,AP,8,0.8459415584415584
EasyClinic,HYBRID,25,AP,25,0.687016824994484
EasyClinic,HYBRID,14,AP,14,0.8599567099567098
EasyClinic,HYBRID,0,AP,0,0.6272573779636793
EasyClinic,HYBRID,23,AP,23,0.611545742287233
EasyClinic,DIRECT,29,AP,29,0.5204162746202271
EasyClinic,HYBRID,4,AP,4,0.7084392437895799
EasyClinic,HYBRID,6,AP,6,0.7186541889483065
EasyClinic,HYBRID,13,AP,13,0.582477046762761
EasyClinic,HYBRID,1,AP,1,0.6845379557677379
EasyClinic,HYBRID,2,AP,2,0.6011830665333828
EasyClinic,HYBRID,3,AP,3,0.6380884366178484
EasyClinic,HYBRID,24,AP,24,0.8528030303030302
EasyClinic,HYBRID,5,AP,5,0.5531756618651582
EasyClinic,HYBRID,16,LAG_NORMALIZED_INVERTED,16,0.6859605911330049
EasyClinic,DIRECT,1,AP,1,0.6807048522985384
EasyClinic,HYBRID,17,LAG_NORMALIZED_INVERTED,17,0.6231527093596059
EasyClinic,DIRECT,0,AP,0,0.5709167615540024
EasyClinic,HYBRID,19,LAG_NORMALIZED_INVERTED,19,0.31465517241379304
EasyClinic,HYBRID,0,AUC,0,0.6725490196078432
EasyClinic,HYBRID,7,AP,7,0.6307601643046175
EasyClinic,HYBRID,26,AP,26,0.5746734779049941
EasyClinic,DIRECT,19,AP,19,0.6745049671389134
EasyClinic,HYBRID,23,AUC,23,0.6372549019607843
EasyClinic,HYBRID,17,AUC,17,0.8714285714285713
EasyClinic,HYBRID,18,AUC,18,0.8607142857142857
EasyClinic,HYBRID,27,LAG_NORMALIZED_INVERTED,27,0.22413793103448265
EasyClinic,HYBRID,19,AUC,19,0.6882352941176471
EasyClinic,HYBRID,29,LAG_NORMALIZED_INVERTED,29,0.15086206896551713
EasyClinic,HYBRID,20,AUC,20,0.9054054054054054
EasyClinic,HYBRID,24,AUC,24,0.9459459459459459
EasyClinic,HYBRID,1,AUC,1,0.7705882352941177
EasyClinic,HYBRID,25,AUC,25,0.703921568627451
EasyClinic,HYBRID,26,AUC,26,0.6725490196078432
EasyClinic,HYBRID,22,AUC,22,0.788235294117647
EasyClinic,HYBRID,21,AUC,21,0.6705882352941177
EBT,HYBRID,25,AUC,30,0.8471986417657045
EBT,DIRECT,15,AP,20,0.7573454395799082
EBT,DIRECT,29,LAG_NORMALIZED_INVERTED,34,0.0
EBT,HYBRID,24,AUC,29,0.8505942275042445
EBT,DIRECT,14,AP,19,0.7939950905763176
EBT,HYBRID,23,AUC,28,0.8455008488964347
EBT,HYBRID,22,AUC,27,0.8081494057724958
EBT,HYBRID,26,AUC,31,0.8421052631578948
EBT,HYBRID,27,AUC,32,0.864176570458404
EBT,DIRECT,35,AP,40,0.7876698335876959
EBT,DIRECT,24,AP,29,0.8459467340020556
EBT,HYBRID,30,LAG_NORMALIZED_INVERTED,35,0.6642066420664208
EBT,HYBRID,31,LAG_NORMALIZED_INVERTED,36,0.8856088560885609
EBT,HYBRID,21,AUC,26,0.8149405772495755
EBT,DIRECT,34,AP,39,0.7815560232829419
EBT,DIRECT,33,AP,38,0.7639778334072932
EBT,HYBRID,32,LAG_NORMALIZED_INVERTED,37,0.7195571955719557
EBT,HYBRID,33,LAG_NORMALIZED_INVERTED,38,0.6309963099630997
EBT,DIRECT,32,AP,37,0.7466412262947202
EBT,DIRECT,26,AP,31,0.8291848470214529
EBT,HYBRID,1,AUC,4,0.8590831918505942
EBT,HYBRID,20,AUC,25,0.8064516129032258
EBT,HYBRID,18,AUC,23,0.7894736842105263
EBT,DIRECT,27,AP,32,0.8413077901481492
EBT,HYBRID,1,AP,4,0.917273111853078
EBT,HYBRID,11,AP,16,0.860278621456879
EBT,DIRECT,28,LAG_NORMALIZED_INVERTED,33,0.43542435424354253
EBT,HYBRID,9,AP,14,0.8819337355312976
EBT,HYBRID,8,AP,13,0.8929924092599534
EBT,HYBRID,9,LAG_NORMALIZED_INVERTED,14,0.7453874538745389
EBT,HYBRID,8,LAG_NORMALIZED_INVERTED,13,0.7859778597785978
EBT,HYBRID,7,LAG_NORMALIZED_INVERTED,12,0.7859778597785978
EBT,DIRECT,12,AP,17,0.675213878959395
EBT,DIRECT,13,AP,18,0.7172605829746898
EBT,HYBRID,6,AUC,11,0.8522920203735145
EBT,HYBRID,29,AUC,34,0.6281833616298811
EBT,HYBRID,7,AUC,12,0.8488964346349747
EBT,HYBRID,8,AUC,13,0.8488964346349746
EBT,HYBRID,19,AUC,24,0.801358234295416
EBT,HYBRID,9,AUC,14,0.830220713073005
EBT,HYBRID,11,AUC,16,0.7758913412563667
EBT,HYBRID,12,AUC,17,0.697792869269949
EBT,HYBRID,13,AUC,18,0.7181663837011885
EBT,HYBRID,15,AUC,20,0.797962648556876
EBT,HYBRID,0,AUC,3,0.8353140916808149
EBT,HYBRID,14,AP,19,0.9031994619981614
EBT,HYBRID,2,AP,6,0.6947764034168127
EBT,HYBRID,3,AP,7,0.7574838688440874
EBT,HYBRID,4,AP,9,0.8407307135000552
EBT,HYBRID,5,AP,10,0.8307474812104694
EBT,HYBRID,6,AP,11,0.9108949196835011
EBT,HYBRID,7,AP,12,0.9116546617355741
EBT,HYBRID,16,AUC,21,0.7724957555178269
EBT,HYBRID,17,AUC,22,0.7928692699490661
EBT,HYBRID,10,AUC,15,0.9795918367346939
EBT,DIRECT,28,AP,33,0.7231888587868217
EBT,DIRECT,23,AP,28,0.8244405925575838
EBT,DIRECT,21,AP,26,0.8282897868371167
EBT,DIRECT,26,AUC,31,0.7572156196943972
EBT,DIRECT,27,AUC,32,0.765704584040747
EBT,DIRECT,28,AUC,33,0.6825127334465195
EBT,DIRECT,29,AUC,34,0.4711375212224108
EBT,DIRECT,30,AUC,35,0.6561969439728353
EBT,DIRECT,31,AUC,36,0.7894736842105263
EBT,DIRECT,32,AUC,37,0.7173174872665534
EBT,DIRECT,33,AUC,38,0.6977928692699491
EBT,DIRECT,34,AUC,39,0.6808149405772496
EBT,DIRECT,35,AUC,40,0.7198641765704584
EBT,DIRECT,24,AUC,29,0.7691001697792869
EBT,DIRECT,4,LAG_NORMALIZED_INVERTED,9,0.6199261992619927
EBT,DIRECT,19,LAG_NORMALIZED_INVERTED,24,0.5608856088560886
EBT,DIRECT,5,AP,10,0.747224195185904
EBT,HYBRID,12,LAG_NORMALIZED_INVERTED,17,0.4575645756457565
EBT,HYBRID,0,LAG_NORMALIZED_INVERTED,3,0.7564575645756457
EBT,HYBRID,1,LAG_NORMALIZED_INVERTED,4,0.8081180811808119
EBT,HYBRID,2,LAG_NORMALIZED_INVERTED,6,0.37269372693726943
EBT,DIRECT,4,AP,9,0.7883204767497187
EBT,DIRECT,3,AP,7,0.654516129032258
EBT,DIRECT,2,AP,6,0.6161290322580645
EBT,DIRECT,1,AP,4,0.7303225806451613
EBT,DIRECT,0,AP,3,0.7030440348182283
EBT,DIRECT,20,LAG_NORMALIZED_INVERTED,25,0.5682656826568266
EBT,HYBRID,4,LAG_NORMALIZED_INVERTED,9,0.7084870848708488
EBT,DIRECT,24,LAG_NORMALIZED_INVERTED,29,0.5313653136531366
EBT,DIRECT,29,AP,34,0.5704323179862479
EBT,DIRECT,22,LAG_NORMALIZED_INVERTED,27,0.47970479704797053
EBT,DIRECT,0,LAG_NORMALIZED_INVERTED,3,0.3948339483394835
EBT,DIRECT,30,AP,35,0.7222303124023338
EBT,DIRECT,20,AP,25,0.7918849017879692
EBT,DIRECT,6,AP,11,0.8408001129838067
EBT,DIRECT,25,AP,30,0.8178694204071647
EBT,HYBRID,27,AP,32,0.900956429352753
EBT,DIRECT,8,AP,13,0.8319234976368528
EBT,HYBRID,34,LAG_NORMALIZED_INVERTED,39,0.5645756457564576
EBT,DIRECT,31,AP,36,0.8656236321826123
EBT,DIRECT,17,LAG_NORMALIZED_INVERTED,22,0.5166051660516606
EBT,DIRECT,16,LAG_NORMALIZED_INVERTED,21,0.5092250922509226
EBT,DIRECT,15,LAG_NORMALIZED_INVERTED,20,0.4907749077490776
EBT,DIRECT,14,LAG_NORMALIZED_INVERTED,19,0.5719557195571956
EBT,DIRECT,13,LAG_NORMALIZED_INVERTED,18,0.22509225092250928
EBT,DIRECT,12,LAG_NORMALIZED_INVERTED,17,0.26568265682656833
EBT,DIRECT,11,LAG_NORMALIZED_INVERTED,16,0.4095940959409595
EBT,DIRECT,10,LAG_NORMALIZED_INVERTED,15,1.0
EBT,DIRECT,9,LAG_NORMALIZED_INVERTED,14,0.4907749077490776
EBT,DIRECT,21,LAG_NORMALIZED_INVERTED,26,0.5940959409594095
EBT,DIRECT,8,LAG_NORMALIZED_INVERTED,13,0.49815498154981563
EBT,DIRECT,6,LAG_NORMALIZED_INVERTED,11,0.5904059040590406
EBT,DIRECT,18,LAG_NORMALIZED_INVERTED,23,0.5239852398523986
EBT,DIRECT,5,LAG_NORMALIZED_INVERTED,10,0.3136531365313654
EBT,DIRECT,3,LAG_NORMALIZED_INVERTED,7,0.3321033210332104
EBT,DIRECT,2,LAG_NORMALIZED_INVERTED,6,0.0
EBT,DIRECT,1,LAG_NORMALIZED_INVERTED,4,0.4095940959409595
EBT,DIRECT,7,LAG_NORMALIZED_INVERTED,12,0.38007380073800745
EBT,HYBRID,26,AP,31,0.8963392978700445
EBT,HYBRID,10,AP,15,0.5
EBT,HYBRID,24,AP,29,0.9046078483192621
EBT,HYBRID,4,AUC,9,0.8132427843803056
EBT,HYBRID,5,AUC,10,0.7419354838709677
EBT,HYBRID,32,AP,37,0.8736117444691214
EBT,HYBRID,33,AP,38,0.8506580893866286
EBT,HYBRID,34,AP,39,0.8344664020176081
EBT,HYBRID,35,AP,40,0.879915790444478
EBT,HYBRID,31,AUC,36,0.8947368421052632
EBT,HYBRID,32,AUC,37,0.8183361629881154
EBT,HYBRID,35,LAG_NORMALIZED_INVERTED,40,0.6863468634686347
EBT,HYBRID,29,AP,34,0.6744345674878514
EBT,HYBRID,28,AUC,33,0.769100169779287
EBT,HYBRID,28,AP,33,0.8067730956881077
EBT,HYBRID,30,AUC,35,0.7928692699490663
EBT,HYBRID,25,AP,30,0.8904310155003605
EBT,DIRECT,7,AUC,12,0.5483870967741935
EBT,HYBRID,30,AP,35,0.8778147909865552
EBT,DIRECT,25,AUC,30,0.7436332767402376
EBT,DIRECT,23,AUC,28,0.7453310696095076
EBT,DIRECT,8,AUC,13,0.7495755517826825
EBT,DIRECT,0,AUC,3,0.6162988115449916
EBT,DIRECT,1,AUC,4,0.6451612903225806
EBT,DIRECT,2,AUC,6,0.4380305602716468
EBT,DIRECT,3,AUC,7,0.5382003395585738
EBT,DIRECT,4,AUC,9,0.7546689303904924
EBT,DIRECT,5,AUC,10,0.6451612903225806
EBT,HYBRID,3,AUC,7,0.6825127334465196
EBT,HYBRID,31,AP,36,0.941775929676435
EBT,HYBRID,6,LAG_NORMALIZED_INVERTED,11,0.7933579335793358
EBT,DIRECT,19,AP,24,0.7918819294615175
EBT,DIRECT,30,LAG_NORMALIZED_INVERTED,35,0.36162361623616235
EBT,DIRECT,10,AP,15,0.5
EBT,HYBRID,3,LAG_NORMALIZED_INVERTED,7,0.42435424354243545
EBT,DIRECT,22,AP,27,0.7682628120865753
EBT,DIRECT,31,LAG_NORMALIZED_INVERTED,36,0.6309963099630997
EBT,DIRECT,32,LAG_NORMALIZED_INVERTED,37,0.4538745387453875
EBT,DIRECT,33,LAG_NORMALIZED_INVERTED,38,0.40590405904059046
EBT,DIRECT,9,AP,14,0.8123709630071794
EBT,DIRECT,34,LAG_NORMALIZED_INVERTED,39,0.35424354243542433
EBT,DIRECT,7,AP,12,0.656774193548387
EBT,DIRECT,16,AP,21,0.7904753498767622
EBT,DIRECT,17,AP,22,0.7298793946448909
EBT,DIRECT,6,AUC,11,0.7691001697792867
EBT,DIRECT,35,LAG_NORMALIZED_INVERTED,40,0.47601476014760147
EBT,HYBRID,14,AUC,19,0.8183361629881154
EBT,HYBRID,2,AUC,6,0.6587436332767402
EBT,DIRECT,27,LAG_NORMALIZED_INVERTED,32,0.5461254612546126
EBT,DIRECT,26,LAG_NORMALIZED_INVERTED,31,0.5387453874538746
EBT,DIRECT,25,LAG_NORMALIZED_INVERTED,30,0.5682656826568266
EBT,DIRECT,23,LAG_NORMALIZED_INVERTED,28,0.5166051660516606
EBT,HYBRID,35,AUC,40,0.8030560271646858
EBT,HYBRID,34,AUC,39,0.7470288624787775
EBT,HYBRID,33,AUC,38,0.7775891341256367
EBT,HYBRID,5,LAG_NORMALIZED_INVERTED,10,0.5535055350553506
EBT,HYBRID,27,LAG_NORMALIZED_INVERTED,32,0.8191881918819188
EBT,HYBRID,26,LAG_NORMALIZED_INVERTED,31,0.7712177121771218
EBT,DIRECT,18,AP,23,0.7324246139982598
EBT,DIRECT,9,AUC,14,0.734295415959253
EBT,HYBRID,18,AP,23,0.789048980776926
EBT,HYBRID,16,LAG_NORMALIZED_INVERTED,21,0.6199261992619927
EBT,HYBRID,29,LAG_NORMALIZED_INVERTED,34,0.3062730627306274
EBT,DIRECT,11,AP,16,0.7881513869943995
EBT,HYBRID,11,LAG_NORMALIZED_INVERTED,16,0.6273062730627307
EBT,HYBRID,22,LAG_NORMALIZED_INVERTED,27,0.6974169741697418
EBT,HYBRID,24,LAG_NORMALIZED_INVERTED,29,0.7896678966789668
EBT,HYBRID,25,LAG_NORMALIZED_INVERTED,30,0.7822878228782288
EBT,HYBRID,23,LAG_NORMALIZED_INVERTED,28,0.7785977859778598
EBT,HYBRID,21,LAG_NORMALIZED_INVERTED,26,0.7121771217712177
EBT,HYBRID,20,LAG_NORMALIZED_INVERTED,25,0.6937269372693727
EBT,HYBRID,19,LAG_NORMALIZED_INVERTED,24,0.6826568265682658
EBT,HYBRID,18,LAG_NORMALIZED_INVERTED,23,0.6568265682656826
EBT,HYBRID,17,AP,22,0.7915035549819746
EBT,HYBRID,16,AP,21,0.829289544444474
EBT,HYBRID,0,AP,3,0.8846069140167605
EBT,HYBRID,15,LAG_NORMALIZED_INVERTED,20,0.6752767527675276
EBT,HYBRID,15,AP,20,0.8150328633738297
EBT,HYBRID,13,AP,18,0.7913577195826607
EBT,HYBRID,14,LAG_NORMALIZED_INVERTED,19,0.7195571955719557
EBT,HYBRID,12,AP,17,0.7489784184757226
EBT,HYBRID,10,LAG_NORMALIZED_INVERTED,15,1.0
EBT,HYBRID,28,LAG_NORMALIZED_INVERTED,33,0.6125461254612546
EBT,HYBRID,19,AP,24,0.8257802686200871
EBT,HYBRID,20,AP,25,0.8269897416037536
EBT,HYBRID,17,LAG_NORMALIZED_INVERTED,22,0.6642066420664208
EBT,DIRECT,16,AUC,21,0.7241086587436334
EBT,DIRECT,21,AUC,26,0.7665534804753821
EBT,DIRECT,22,AUC,27,0.7190152801358235
EBT,DIRECT,10,AUC,15,0.9795918367346939
EBT,DIRECT,11,AUC,16,0.66723259762309
EBT,DIRECT,12,AUC,17,0.6103565365025467
EBT,DIRECT,13,AUC,18,0.5814940577249575
EBT,DIRECT,14,AUC,19,0.7487266553480476
EBT,DIRECT,15,AUC,20,0.7266553480475382
EBT,HYBRID,23,AP,28,0.8936713040032511
EBT,HYBRID,21,AP,26,0.8580577283169016
EBT,DIRECT,17,AUC,22,0.7342954159592531
EBT,HYBRID,22,AP,27,0.8644910018404035
EBT,HYBRID,13,LAG_NORMALIZED_INVERTED,18,0.5018450184501846
EBT,DIRECT,19,AUC,24,0.7512733446519526
EBT,DIRECT,20,AUC,25,0.7546689303904924
EBT,DIRECT,18,AUC,23,0.737691001697793
WARC,HYBRID,5,AUC,16,0.9814814814814814
WARC,HYBRID,4,AUC,15,0.9398148148148149
WARC,DIRECT,6,LAG_NORMALIZED_INVERTED,18,0.9909560723514211
WARC,HYBRID,7,LAG_NORMALIZED_INVERTED,19,0.7739018087855296
WARC,HYBRID,3,AUC,9,0.5020408163265306
WARC,HYBRID,6,LAG_NORMALIZED_INVERTED,18,0.9909560723514211
WARC,HYBRID,0,AUC,1,0.7638888888888888
WARC,HYBRID,7,AUC,19,0.8842592592592593
WARC,DIRECT,0,AUC,1,0.6597222222222221
WARC,DIRECT,1,AUC,6,0.7387755102040816
WARC,DIRECT,7,LAG_NORMALIZED_INVERTED,19,0.6925064599483204
WARC,DIRECT,0,LAG_NORMALIZED_INVERTED,1,0.30361757105943143
WARC,HYBRID,1,AUC,6,0.7673469387755102
WARC,HYBRID,5,LAG_NORMALIZED_INVERTED,16,0.9638242894056848
WARC,HYBRID,6,AUC,18,0.9953703703703703
WARC,DIRECT,3,AUC,9,0.47346938775510206
WARC,DIRECT,2,LAG_NORMALIZED_INVERTED,8,1.0
WARC,DIRECT,1,AP,6,0.4585101234169557
WARC,DIRECT,2,AP,8,1.0
WARC,DIRECT,6,AUC,18,0.9953703703703703
WARC,DIRECT,2,AUC,8,1.0
WARC,DIRECT,0,AP,1,0.488095238095238
WARC,DIRECT,7,AP,19,0.7613095238095238
WARC,HYBRID,2,AP,8,1.0
WARC,DIRECT,6,AP,18,0.9761904761904762
WARC,HYBRID,0,AP,1,0.5729665071770335
WARC,HYBRID,1,AP,6,0.4467017109874253
WARC,HYBRID,3,AP,9,0.306937537185071
WARC,HYBRID,4,AP,15,0.7935897435897435
WARC,DIRECT,5,AP,16,0.8833333333333333
WARC,DIRECT,4,AP,15,0.6517857142857143
WARC,HYBRID,2,AUC,8,1.0
WARC,DIRECT,7,AUC,19,0.837962962962963
WARC,HYBRID,5,AP,16,0.9166666666666666
WARC,HYBRID,6,AP,18,0.976190476190476
WARC,HYBRID,7,AP,19,0.7880952380952381
WARC,DIRECT,5,AUC,16,0.9768518518518519
WARC,HYBRID,1,LAG_NORMALIZED_INVERTED,6,0.5581395348837209
WARC,HYBRID,0,LAG_NORMALIZED_INVERTED,1,0.5387596899224806
WARC,HYBRID,2,LAG_NORMALIZED_INVERTED,8,1.0
WARC,HYBRID,3,LAG_NORMALIZED_INVERTED,9,0.054263565891472854
WARC,HYBRID,4,LAG_NORMALIZED_INVERTED,15,0.8824289405684754
WARC,DIRECT,3,AP,9,0.17420082657568958
WARC,DIRECT,5,LAG_NORMALIZED_INVERTED,16,0.9547803617571059
WARC,DIRECT,4,LAG_NORMALIZED_INVERTED,15,0.7286821705426356
WARC,DIRECT,3,LAG_NORMALIZED_INVERTED,9,0.0
WARC,DIRECT,1,LAG_NORMALIZED_INVERTED,6,0.5038759689922481
WARC,DIRECT,4,AUC,15,0.8356481481481483
