dataset,technique_type,query_index,metric,metric_score
WARC,DIRECT,4,LAG,15.923076923076923
WARC,COMBINED,5,AUC,0.9942528735632185
WARC,COMBINED,6,AUC,0.9942528735632185
WARC,COMBINED,7,AUC,0.5040485829959515
WARC,DIRECT,9,LAG,7.125
WARC,DIRECT,8,LAG,5.666666666666667
WARC,DIRECT,7,LAG,37.92307692307692
WARC,COMBINED,8,AP,0.4699074074074074
WARC,DIRECT,0,LAG,39.66666666666666
WARC,DIRECT,1,LAG,12.142857142857142
WARC,DIRECT,2,LAG,41.0
WARC,DIRECT,3,LAG,0.0
WARC,DIRECT,5,LAG,1.0
WARC,COMBINED,4,AUC,0.7925101214574899
WARC,DIRECT,6,LAG,0.0
WARC,DIRECT,4,AUC,0.7904858299595142
WARC,DIRECT,3,AUC,1.0
WARC,DIRECT,2,AUC,0.5287356321839081
WARC,DIRECT,1,AUC,0.8519163763066202
WARC,DIRECT,0,AUC,0.5387596899224806
WARC,DIRECT,5,AUC,0.9885057471264368
WARC,COMBINED,4,LAG,15.76923076923077
WARC,COMBINED,7,AP,0.1703316248096289
WARC,DIRECT,8,AP,0.4952380952380952
WARC,COMBINED,6,AP,0.8333333333333333
WARC,DIRECT,8,AUC,0.9341085271317828
WARC,DIRECT,9,AUC,0.912037037037037
WARC,DIRECT,6,AUC,1.0
WARC,DIRECT,10,AUC,0.9534883720930232
WARC,COMBINED,3,AUC,1.0
WARC,COMBINED,1,AUC,0.886759581881533
WARC,DIRECT,17,AP,0.8976190476190475
WARC,DIRECT,2,AP,0.0378681626928471
WARC,DIRECT,3,AP,1.0
WARC,DIRECT,4,AP,0.4698292524877985
WARC,DIRECT,18,AP,1.0
WARC,DIRECT,6,AP,1.0
WARC,DIRECT,7,AP,0.1684079055134105
WARC,DIRECT,9,AP,0.7865918803418803
WARC,DIRECT,5,AP,0.75
WARC,DIRECT,10,AP,0.7333333333333334
WARC,DIRECT,11,AP,0.75
WARC,DIRECT,12,AP,1.0
WARC,COMBINED,2,AUC,0.4367816091954023
WARC,DIRECT,13,AP,0.7154238618524333
WARC,DIRECT,15,AP,1.0
WARC,DIRECT,16,AP,0.9379251700680272
WARC,DIRECT,0,AP,0.0540192821314572
WARC,DIRECT,18,LAG,0.0
WARC,DIRECT,11,LAG,1.0
WARC,DIRECT,12,LAG,0.0
WARC,COMBINED,0,AUC,0.4147286821705426
WARC,DIRECT,13,LAG,3.7142857142857135
WARC,DIRECT,14,LAG,1.8571428571428568
WARC,DIRECT,15,LAG,0.0
WARC,DIRECT,16,LAG,0.4285714285714285
WARC,DIRECT,10,LAG,4.0
WARC,DIRECT,14,AP,0.8588744588744588
WARC,DIRECT,18,AUC,1.0
WARC,DIRECT,7,AUC,0.5010121457489879
WARC,COMBINED,16,AUC,1.0
WARC,DIRECT,15,AUC,1.0
WARC,COMBINED,6,LAG,0.5
WARC,DIRECT,16,AUC,0.9947735191637632
WARC,DIRECT,17,AUC,0.989547038327526
WARC,COMBINED,18,AP,1.0
WARC,COMBINED,17,AP,0.8909090909090909
WARC,COMBINED,16,AP,0.9999999999999998
WARC,COMBINED,15,AP,1.0
WARC,COMBINED,14,AP,0.8755411255411254
WARC,COMBINED,0,LAG,50.333333333333336
WARC,COMBINED,1,LAG,9.285714285714286
WARC,COMBINED,2,LAG,49.0
WARC,COMBINED,3,LAG,0.0
WARC,COMBINED,13,AUC,0.9529616724738676
WARC,COMBINED,14,AUC,0.9825783972125436
WARC,COMBINED,15,AUC,1.0
WARC,COMBINED,9,LAG,10.125
WARC,DIRECT,14,AUC,0.9773519163763068
WARC,COMBINED,12,AP,1.0
WARC,DIRECT,13,AUC,0.9547038327526132
WARC,COMBINED,10,AP,0.7166666666666666
WARC,COMBINED,14,LAG,1.4285714285714286
WARC,COMBINED,12,LAG,0.0
WARC,COMBINED,4,AP,0.4775023021769696
WARC,COMBINED,11,LAG,1.0
WARC,COMBINED,2,AP,0.0315557729941291
WARC,COMBINED,5,LAG,0.5
WARC,COMBINED,0,AP,0.0422584238373712
WARC,DIRECT,17,LAG,0.8571428571428571
WARC,COMBINED,9,AUC,0.8750000000000001
WARC,COMBINED,8,AUC,0.9224806201550388
WARC,COMBINED,10,AUC,0.9341085271317828
WARC,COMBINED,11,AUC,0.9885057471264368
WARC,COMBINED,12,AUC,1.0
WARC,DIRECT,11,AUC,0.9885057471264368
WARC,DIRECT,12,AUC,1.0
WARC,COMBINED,18,LAG,0.0
WARC,COMBINED,9,AP,0.7840752242926157
WARC,COMBINED,11,AP,0.75
WARC,COMBINED,13,LAG,3.857142857142857
WARC,DIRECT,1,AP,0.3914417379855167
WARC,COMBINED,17,AUC,0.9860627177700348
WARC,COMBINED,13,AP,0.7268707482993197
WARC,COMBINED,1,AP,0.4703798185941042
WARC,COMBINED,5,AP,0.8333333333333333
WARC,COMBINED,17,LAG,1.1428571428571428
WARC,COMBINED,16,LAG,0.0
WARC,COMBINED,3,AP,1.0
WARC,COMBINED,15,LAG,0.0
WARC,COMBINED,7,LAG,37.69230769230769
WARC,COMBINED,18,AUC,1.0
WARC,COMBINED,8,LAG,6.666666666666667
WARC,COMBINED,10,LAG,5.666666666666667
Drone,DIRECT,16,LAG,176.72727272727272
Drone,DIRECT,10,LAG,130.66363636363636
Drone,DIRECT,20,LAG,138.03636363636363
Drone,DIRECT,5,LAG,148.8909090909091
Drone,DIRECT,17,LAG,18.76923076923077
Drone,DIRECT,19,LAG,141.5909090909091
Drone,DIRECT,15,LAG,152.4090909090909
Drone,DIRECT,3,LAG,124.69090909090907
Drone,DIRECT,8,LAG,140.07272727272726
Drone,DIRECT,7,LAG,140.92727272727274
Drone,DIRECT,11,LAG,113.00909090909092
Drone,DIRECT,4,LAG,134.04545454545453
Drone,DIRECT,0,LAG,192.3909090909091
Drone,DIRECT,1,LAG,155.12727272727273
Drone,DIRECT,24,LAG,128.3090909090909
Drone,DIRECT,26,LAG,5.0
Drone,DIRECT,14,LAG,108.11818181818182
Drone,DIRECT,21,LAG,149.1727272727273
Drone,DIRECT,12,LAG,141.2
Drone,DIRECT,6,LAG,135.42727272727274
Drone,DIRECT,2,LAG,144.46363636363637
Drone,DIRECT,27,LAG,108.15454545454546
Drone,DIRECT,29,LAG,133.53636363636363
Drone,DIRECT,25,LAG,119.33636363636364
Drone,DIRECT,23,LAG,107.8
Drone,DIRECT,9,LAG,150.8272727272727
Drone,DIRECT,22,LAG,129.77272727272728
Drone,DIRECT,13,AUC,0.4889867841409692
Drone,DIRECT,28,LAG,113.1
Drone,DIRECT,18,LAG,150.0090909090909
Drone,DIRECT,19,AP,0.3584127812854252
Drone,COMBINED,7,AUC,0.693175230566535
Drone,COMBINED,8,LAG,106.85454545454546
Drone,COMBINED,12,AP,0.4107513325343819
Drone,COMBINED,11,AP,0.4899939663816358
Drone,COMBINED,9,AP,0.4033103923263174
Drone,COMBINED,8,AP,0.435000752855265
Drone,COMBINED,7,AP,0.431586664356476
Drone,COMBINED,6,AP,0.4410627500910411
Drone,COMBINED,24,AP,0.4689413497956713
Drone,COMBINED,26,AP,0.125
Drone,COMBINED,25,AP,0.4836767037991389
Drone,COMBINED,27,AUC,0.7418181818181817
Drone,COMBINED,16,AP,0.3852371950331191
Drone,COMBINED,0,AP,0.3315774927034139
Drone,COMBINED,3,AP,0.4680774305893174
Drone,COMBINED,1,AP,0.3926677124290682
Drone,COMBINED,17,AP,0.1317610581124786
Drone,COMBINED,18,AP,0.4179590731415681
Drone,COMBINED,19,AP,0.413564061430714
Drone,COMBINED,10,AP,0.4722444861583516
Drone,COMBINED,20,AP,0.4334025785543027
Drone,COMBINED,12,LAG,106.6818181818182
Drone,COMBINED,4,AP,0.4869550377462828
Drone,COMBINED,21,AUC,0.7041897233201581
Drone,COMBINED,23,AUC,0.7436363636363637
Drone,COMBINED,2,LAG,108.24545454545456
Drone,COMBINED,3,LAG,94.98181818181818
Drone,COMBINED,12,AUC,0.6907773386034255
Drone,COMBINED,4,LAG,98.43636363636364
Drone,COMBINED,11,LAG,95.48181818181818
Drone,COMBINED,5,LAG,109.13636363636364
Drone,COMBINED,6,LAG,102.91818181818182
Drone,COMBINED,9,LAG,116.7
Drone,COMBINED,0,LAG,122.0
Drone,COMBINED,22,AUC,0.7129380764163372
Drone,COMBINED,16,AUC,0.6667193675889328
Drone,COMBINED,14,AUC,0.7251910408432147
Drone,COMBINED,13,AUC,0.3215859030837004
Drone,COMBINED,17,AUC,0.8994082840236687
Drone,COMBINED,18,AUC,0.6867720685111989
Drone,COMBINED,19,AUC,0.6828458498023716
Drone,COMBINED,13,LAG,308.0
Drone,COMBINED,10,LAG,106.54545454545456
Drone,COMBINED,20,AUC,0.7018708827404481
Drone,COMBINED,7,LAG,105.85454545454546
Drone,COMBINED,15,AUC,0.7050329380764163
Drone,COMBINED,17,LAG,44.46153846153846
Drone,COMBINED,2,AP,0.4275675229245947
Drone,COMBINED,22,AP,0.451224639991038
Drone,DIRECT,17,AP,0.2806340294321063
Drone,DIRECT,18,AP,0.351582310859477
Drone,COMBINED,29,LAG,96.27272727272728
Drone,DIRECT,20,AP,0.3621278228961158
Drone,DIRECT,21,AP,0.2951207598019788
Drone,DIRECT,22,AP,0.3866908140438143
Drone,DIRECT,6,AP,0.3893464553658621
Drone,DIRECT,4,AP,0.3569599799768543
Drone,DIRECT,28,AP,0.4066340986537676
Drone,DIRECT,16,AP,0.2669520634161602
Drone,DIRECT,27,AP,0.4220554396853708
Drone,DIRECT,3,AP,0.3476455511655707
Drone,DIRECT,26,AP,0.1666666666666666
Drone,DIRECT,25,AP,0.3748650682119242
Drone,DIRECT,24,AP,0.358608468959205
Drone,DIRECT,23,AP,0.3961854721917475
Drone,DIRECT,0,AP,0.2181143707967258
Drone,DIRECT,1,AP,0.2576453836703701
Drone,DIRECT,2,AP,0.3579387554259631
Drone,COMBINED,15,LAG,101.76363636363637
Drone,DIRECT,29,AP,0.3906083395633302
Drone,COMBINED,21,AP,0.4383124842564855
Drone,DIRECT,5,AP,0.3921996815838882
Drone,DIRECT,13,AP,0.0042918454935622
Drone,COMBINED,23,AP,0.5037980552424209
Drone,COMBINED,24,AUC,0.7250856389986824
Drone,COMBINED,5,AP,0.4479457920989793
Drone,COMBINED,26,AUC,0.9845814977973568
Drone,COMBINED,15,AP,0.3916193333260914
Drone,COMBINED,28,AP,0.492564957366312
Drone,COMBINED,29,AP,0.4678793994435939
Drone,COMBINED,29,AUC,0.7209486166007906
Drone,COMBINED,28,AUC,0.7622134387351779
Drone,DIRECT,15,AP,0.2899408764006522
Drone,COMBINED,27,AP,0.4681432671229767
Drone,COMBINED,13,AP,0.0032362459546925
Drone,COMBINED,14,LAG,94.80909090909093
Drone,DIRECT,14,AP,0.3668987421113421
Drone,DIRECT,7,AP,0.3722847895905645
Drone,DIRECT,8,AP,0.3972935517646021
Drone,DIRECT,9,AP,0.3002128076074974
Drone,DIRECT,10,AP,0.4262886152169505
Drone,DIRECT,11,AP,0.4344195152000977
Drone,DIRECT,12,AP,0.3513890926729531
Drone,COMBINED,14,AP,0.4305897325227013
Drone,COMBINED,28,LAG,82.03636363636363
Drone,COMBINED,1,LAG,112.99090909090908
Drone,DIRECT,21,AUC,0.5676152832674571
Drone,DIRECT,26,AUC,0.9889867841409692
Drone,DIRECT,24,AUC,0.6280895915678524
Drone,DIRECT,23,AUC,0.6875362318840579
Drone,COMBINED,22,LAG,99.03636363636365
Drone,COMBINED,23,LAG,88.44545454545455
Drone,DIRECT,0,AUC,0.4423451910408432
Drone,DIRECT,1,AUC,0.5503557312252965
Drone,DIRECT,2,AUC,0.5812648221343872
Drone,DIRECT,3,AUC,0.6385770750988142
Drone,DIRECT,4,AUC,0.6114624505928854
Drone,DIRECT,13,LAG,232.0
Drone,COMBINED,25,AUC,0.7368906455862977
Drone,DIRECT,14,AUC,0.6866139657444005
Drone,COMBINED,25,LAG,90.77272727272728
Drone,COMBINED,11,AUC,0.7232411067193676
Drone,DIRECT,5,AUC,0.5684321475625823
Drone,DIRECT,27,AUC,0.6865085638998683
Drone,COMBINED,9,AUC,0.6617391304347826
Drone,DIRECT,9,AUC,0.5628194993412385
Drone,DIRECT,10,AUC,0.6212648221343874
Drone,DIRECT,6,AUC,0.6074571805006588
Drone,DIRECT,12,AUC,0.5907246376811595
Drone,DIRECT,17,AUC,0.9575356769926906
Drone,COMBINED,27,LAG,89.07272727272728
Drone,DIRECT,8,AUC,0.5939920948616599
Drone,DIRECT,19,AUC,0.5895915678524375
Drone,DIRECT,18,AUC,0.5651910408432147
Drone,DIRECT,22,AUC,0.6238471673254282
Drone,DIRECT,16,AUC,0.4877470355731226
Drone,DIRECT,15,AUC,0.5582345191040843
Drone,DIRECT,28,AUC,0.6721739130434782
Drone,DIRECT,20,AUC,0.5998945981554678
Drone,COMBINED,21,LAG,102.05454545454543
Drone,DIRECT,11,AUC,0.672437417654809
Drone,DIRECT,25,AUC,0.6540974967061924
Drone,DIRECT,29,AUC,0.6129380764163374
Drone,COMBINED,6,AUC,0.7016864295125164
Drone,COMBINED,5,AUC,0.6836627140974967
Drone,COMBINED,4,AUC,0.7146772068511198
Drone,COMBINED,3,AUC,0.7246903820816865
Drone,COMBINED,2,AUC,0.6862450592885375
Drone,COMBINED,1,AUC,0.6724901185770751
Drone,COMBINED,26,LAG,7.0
Drone,COMBINED,10,AUC,0.6911725955204217
Drone,DIRECT,7,AUC,0.5915151515151515
Drone,COMBINED,24,LAG,94.84545454545454
Drone,COMBINED,16,LAG,114.98181818181818
Drone,COMBINED,8,AUC,0.6902766798418972
Drone,COMBINED,0,AUC,0.646376811594203
Drone,COMBINED,20,LAG,102.85454545454546
Drone,COMBINED,18,LAG,108.06363636363636
Drone,COMBINED,19,LAG,109.41818181818182
EasyClinic,DIRECT,20,AUC,0.9270270270270272
EasyClinic,DIRECT,21,AUC,0.6843137254901961
EasyClinic,DIRECT,22,AUC,0.7862745098039214
EasyClinic,DIRECT,18,AUC,0.8785714285714286
EasyClinic,DIRECT,16,AUC,0.9464285714285714
EasyClinic,DIRECT,15,AUC,1.0
EasyClinic,DIRECT,22,AP,0.7258449565274426
EasyClinic,DIRECT,21,AP,0.5941487768454442
EasyClinic,DIRECT,20,AP,0.7486343262001155
EasyClinic,DIRECT,19,AP,0.6745049671389134
EasyClinic,DIRECT,18,AP,0.8039682539682538
EasyClinic,DIRECT,17,AP,0.8246460746460746
EasyClinic,DIRECT,19,AUC,0.6686274509803922
EasyClinic,DIRECT,17,AUC,0.8821428571428571
EasyClinic,DIRECT,14,LAG,1.8571428571428568
EasyClinic,DIRECT,20,LAG,2.7
EasyClinic,DIRECT,11,LAG,0.9
EasyClinic,DIRECT,10,LAG,1.0
EasyClinic,DIRECT,9,LAG,6.2
EasyClinic,DIRECT,8,LAG,3.3
EasyClinic,DIRECT,7,LAG,12.2
EasyClinic,DIRECT,6,LAG,10.6
EasyClinic,DIRECT,16,AP,0.8629251700680272
EasyClinic,COMBINED,10,AUC,0.9891891891891892
EasyClinic,COMBINED,0,AUC,0.7156862745098039
EasyClinic,COMBINED,1,AUC,0.7941176470588235
EasyClinic,COMBINED,2,AUC,0.6980392156862745
EasyClinic,COMBINED,3,AUC,0.9216216216216216
EasyClinic,COMBINED,4,AUC,0.7980392156862745
EasyClinic,COMBINED,0,AP,0.6767939425617995
EasyClinic,COMBINED,1,AP,0.6998630454645267
EasyClinic,COMBINED,3,AP,0.8068115942028985
EasyClinic,DIRECT,15,LAG,0.0
EasyClinic,DIRECT,16,LAG,2.142857142857143
EasyClinic,DIRECT,17,LAG,4.714285714285714
EasyClinic,DIRECT,18,LAG,4.857142857142857
EasyClinic,DIRECT,19,LAG,9.941176470588236
EasyClinic,DIRECT,13,LAG,5.428571428571429
EasyClinic,DIRECT,15,AP,1.0
EasyClinic,COMBINED,21,LAG,10.705882352941176
EasyClinic,DIRECT,12,AP,0.7483333333333333
EasyClinic,COMBINED,12,AP,0.9240362811791384
EasyClinic,COMBINED,13,AP,0.8954648526077098
EasyClinic,COMBINED,14,AP,0.9379251700680272
EasyClinic,COMBINED,24,AUC,0.9702702702702702
EasyClinic,COMBINED,26,AUC,0.7176470588235295
EasyClinic,COMBINED,6,LAG,2.9
EasyClinic,COMBINED,5,LAG,11.823529411764708
EasyClinic,COMBINED,4,LAG,6.0588235294117645
EasyClinic,COMBINED,15,AP,1.0
EasyClinic,COMBINED,16,AP,0.903834260977118
EasyClinic,COMBINED,17,AP,0.8684807256235827
EasyClinic,COMBINED,18,AP,0.8564034309375923
EasyClinic,COMBINED,19,AP,0.6796977922718908
EasyClinic,COMBINED,20,AP,0.8578619909502262
EasyClinic,COMBINED,3,LAG,2.9
EasyClinic,COMBINED,21,AP,0.5446445085847685
EasyClinic,COMBINED,2,LAG,9.058823529411764
EasyClinic,COMBINED,1,LAG,6.176470588235294
EasyClinic,COMBINED,0,LAG,8.529411764705882
EasyClinic,COMBINED,8,LAG,1.4
EasyClinic,COMBINED,28,AP,0.7261628613884885
EasyClinic,COMBINED,29,AP,0.5900087754077316
EasyClinic,DIRECT,8,AUC,0.9108108108108108
EasyClinic,DIRECT,7,AUC,0.6702702702702703
EasyClinic,DIRECT,6,AUC,0.7135135135135136
EasyClinic,COMBINED,2,AP,0.5609632837574013
EasyClinic,DIRECT,5,AUC,0.6235294117647059
EasyClinic,COMBINED,11,AP,0.9651515151515152
EasyClinic,COMBINED,10,AP,0.9651515151515152
EasyClinic,DIRECT,27,AP,0.6724226151067316
EasyClinic,DIRECT,28,AP,0.6754819498160212
EasyClinic,DIRECT,11,AP,0.9406417112299464
EasyClinic,DIRECT,10,AP,0.9317307692307693
EasyClinic,DIRECT,9,AP,0.7016421568627451
EasyClinic,DIRECT,8,AP,0.845446127946128
EasyClinic,DIRECT,7,AP,0.5409755239183257
EasyClinic,DIRECT,14,AP,0.8398268398268398
EasyClinic,DIRECT,6,AP,0.5941697523988045
EasyClinic,DIRECT,14,AUC,0.9535714285714284
EasyClinic,COMBINED,22,LAG,5.764705882352941
EasyClinic,DIRECT,5,AP,0.5634341316228554
EasyClinic,DIRECT,3,AP,0.5508969534050179
EasyClinic,COMBINED,22,AP,0.7255086517384338
EasyClinic,COMBINED,8,AUC,0.9621621621621622
EasyClinic,DIRECT,13,AP,0.6609596286066874
EasyClinic,COMBINED,26,AP,0.6545647497159468
EasyClinic,COMBINED,5,AP,0.5317067874882742
EasyClinic,DIRECT,4,AP,0.6986291849721957
EasyClinic,COMBINED,6,AP,0.8292857142857143
EasyClinic,COMBINED,7,AP,0.7886433459014104
EasyClinic,DIRECT,2,AP,0.6889925417456007
EasyClinic,DIRECT,1,AP,0.6807048522985384
EasyClinic,DIRECT,0,AP,0.5709167615540024
EasyClinic,DIRECT,23,AP,0.4976224657404364
EasyClinic,DIRECT,24,AP,0.8069094304388421
EasyClinic,DIRECT,25,AP,0.6637582306839479
EasyClinic,DIRECT,26,AP,0.52351117276604
EasyClinic,COMBINED,8,AP,0.90194976076555
EasyClinic,DIRECT,29,AP,0.5204162746202271
EasyClinic,COMBINED,4,AP,0.7149958393261664
EasyClinic,DIRECT,13,AUC,0.8642857142857143
EasyClinic,DIRECT,12,LAG,4.714285714285714
EasyClinic,DIRECT,11,AUC,0.9756756756756756
EasyClinic,DIRECT,27,AUC,0.707843137254902
EasyClinic,DIRECT,12,AUC,0.8821428571428571
EasyClinic,COMBINED,17,LAG,1.8571428571428568
EasyClinic,COMBINED,16,LAG,0.8571428571428571
EasyClinic,COMBINED,15,LAG,0.0
EasyClinic,COMBINED,14,LAG,0.4285714285714285
EasyClinic,COMBINED,13,LAG,0.7142857142857143
EasyClinic,COMBINED,12,LAG,0.5714285714285714
EasyClinic,COMBINED,11,LAG,0.4
EasyClinic,COMBINED,23,LAG,10.058823529411764
EasyClinic,DIRECT,28,AUC,0.696078431372549
EasyClinic,COMBINED,29,AUC,0.6686274509803922
EasyClinic,COMBINED,25,AUC,0.7274509803921569
EasyClinic,COMBINED,27,AUC,0.6137254901960785
EasyClinic,DIRECT,2,LAG,6.764705882352941
EasyClinic,COMBINED,11,AUC,0.9891891891891892
EasyClinic,COMBINED,12,AUC,0.9857142857142857
EasyClinic,COMBINED,13,AUC,0.9821428571428572
EasyClinic,COMBINED,14,AUC,0.9892857142857142
EasyClinic,COMBINED,15,AUC,1.0
EasyClinic,DIRECT,3,LAG,8.1
EasyClinic,DIRECT,4,LAG,7.294117647058823
EasyClinic,COMBINED,28,AUC,0.7215686274509804
EasyClinic,COMBINED,23,AUC,0.6647058823529413
EasyClinic,DIRECT,29,AUC,0.5549019607843138
EasyClinic,DIRECT,25,AUC,0.6862745098039216
EasyClinic,COMBINED,24,LAG,1.1
EasyClinic,DIRECT,1,LAG,8.176470588235293
EasyClinic,DIRECT,0,LAG,11.470588235294118
EasyClinic,DIRECT,21,LAG,9.470588235294118
EasyClinic,DIRECT,22,LAG,6.411764705882353
EasyClinic,DIRECT,23,LAG,13.647058823529411
EasyClinic,DIRECT,24,LAG,2.8
EasyClinic,DIRECT,29,LAG,13.352941176470589
EasyClinic,DIRECT,28,LAG,9.117647058823527
EasyClinic,DIRECT,27,LAG,8.764705882352942
EasyClinic,DIRECT,26,LAG,10.823529411764708
EasyClinic,DIRECT,25,LAG,9.411764705882351
EasyClinic,COMBINED,25,LAG,8.176470588235293
EasyClinic,COMBINED,20,LAG,1.9
EasyClinic,DIRECT,4,AUC,0.7568627450980392
EasyClinic,DIRECT,3,AUC,0.7810810810810811
EasyClinic,DIRECT,2,AUC,0.7745098039215687
EasyClinic,DIRECT,1,AUC,0.7274509803921568
EasyClinic,DIRECT,0,AUC,0.6176470588235294
EasyClinic,DIRECT,9,AUC,0.8324324324324324
EasyClinic,DIRECT,24,AUC,0.9243243243243244
EasyClinic,DIRECT,26,AUC,0.6392156862745098
EasyClinic,COMBINED,19,LAG,8.764705882352942
EasyClinic,DIRECT,5,LAG,11.294117647058824
EasyClinic,COMBINED,16,AUC,0.9785714285714286
EasyClinic,COMBINED,18,LAG,2.571428571428572
EasyClinic,COMBINED,9,AUC,0.9702702702702702
EasyClinic,COMBINED,19,AUC,0.707843137254902
EasyClinic,COMBINED,7,AUC,0.8783783783783783
EasyClinic,COMBINED,6,AUC,0.9216216216216216
EasyClinic,COMBINED,5,AUC,0.6058823529411764
EasyClinic,DIRECT,23,AUC,0.5450980392156863
EasyClinic,DIRECT,10,AUC,0.972972972972973
EasyClinic,COMBINED,7,LAG,4.5
EasyClinic,COMBINED,9,LAG,1.1
EasyClinic,COMBINED,26,LAG,8.470588235294118
EasyClinic,COMBINED,10,LAG,0.4
EasyClinic,COMBINED,27,LAG,11.588235294117649
EasyClinic,COMBINED,28,LAG,8.352941176470589
EasyClinic,COMBINED,29,LAG,9.941176470588236
EasyClinic,COMBINED,24,AP,0.9042063492063492
EasyClinic,COMBINED,27,AP,0.5675504806625563
EasyClinic,COMBINED,25,AP,0.6877398713950593
EasyClinic,COMBINED,17,AUC,0.9535714285714284
EasyClinic,COMBINED,22,AUC,0.807843137254902
EasyClinic,COMBINED,23,AP,0.6174287877305196
EasyClinic,COMBINED,9,AP,0.9476190476190476
EasyClinic,COMBINED,21,AUC,0.6431372549019608
EasyClinic,COMBINED,18,AUC,0.9357142857142856
EasyClinic,COMBINED,20,AUC,0.9486486486486486
TrainController,COMBINED,113,LAG,72.96655518394648
TrainController,COMBINED,87,LAG,84.8561872909699
TrainController,COMBINED,105,AP,0.7296032961712906
TrainController,COMBINED,106,AP,0.6607644794488303
TrainController,COMBINED,107,AP,0.3333333333333333
TrainController,COMBINED,108,AP,0.0548549810844892
TrainController,COMBINED,17,LAG,86.27759197324414
TrainController,COMBINED,110,AP,0.8333333333333333
TrainController,COMBINED,133,AP,0.0625
TrainController,COMBINED,111,AP,0.6807120027629087
TrainController,COMBINED,112,AP,0.6779818995151735
TrainController,COMBINED,113,AP,0.7007454352806584
TrainController,COMBINED,103,AP,0.9166666666666664
TrainController,COMBINED,109,AP,0.6737057104374462
TrainController,COMBINED,20,AP,0.6631183211042702
TrainController,COMBINED,112,LAG,76.94648829431438
TrainController,COMBINED,19,AP,0.3456473676274778
TrainController,COMBINED,110,LAG,0.5
TrainController,COMBINED,123,AUC,0.7004804748221771
TrainController,COMBINED,109,LAG,83.23745819397993
TrainController,COMBINED,108,LAG,35.5
TrainController,COMBINED,107,LAG,3.0
TrainController,COMBINED,106,LAG,83.33779264214047
TrainController,COMBINED,18,AP,0.631166209086954
TrainController,COMBINED,105,LAG,80.75250836120401
TrainController,COMBINED,104,LAG,76.68561872909699
TrainController,COMBINED,26,AP,0.6953954212213913
TrainController,COMBINED,122,AUC,0.6527038485091149
TrainController,COMBINED,21,AP,0.08961021835626
TrainController,COMBINED,116,LAG,78.23076923076923
TrainController,COMBINED,111,LAG,78.82608695652173
TrainController,COMBINED,114,AP,0.7069600921937939
TrainController,COMBINED,57,AP,0.216938853270087
TrainController,COMBINED,132,AUC,0.9793814432989691
TrainController,COMBINED,90,LAG,39.0
TrainController,COMBINED,89,LAG,16.0
TrainController,COMBINED,88,LAG,84.71571906354515
TrainController,COMBINED,100,LAG,16.46153846153846
TrainController,COMBINED,114,LAG,76.50836120401338
TrainController,COMBINED,57,LAG,282.9059829059829
TrainController,COMBINED,124,AUC,0.65003061849357
TrainController,COMBINED,55,LAG,105.1304347826087
TrainController,COMBINED,24,LAG,301.5
TrainController,COMBINED,22,LAG,25.8
TrainController,COMBINED,21,LAG,94.3076923076923
TrainController,COMBINED,20,LAG,84.08695652173913
TrainController,COMBINED,19,LAG,25.22222222222222
TrainController,COMBINED,18,LAG,97.90635451505015
TrainController,COMBINED,92,LAG,84.2675585284281
TrainController,COMBINED,16,LAG,247.0
TrainController,COMBINED,91,LAG,0.0
TrainController,COMBINED,115,LAG,80.98996655518394
TrainController,COMBINED,131,AUC,1.0
TrainController,COMBINED,59,LAG,89.81939799331104
TrainController,COMBINED,130,AUC,1.0
TrainController,COMBINED,94,LAG,77.38461538461539
TrainController,COMBINED,93,LAG,105.0
TrainController,COMBINED,129,AUC,0.7013401479108766
TrainController,COMBINED,115,AP,0.7236948998064334
TrainController,COMBINED,128,AUC,0.6735362004804748
TrainController,COMBINED,89,AP,0.0588235294117647
TrainController,COMBINED,127,AUC,0.6442719864336521
TrainController,COMBINED,126,AUC,0.6512906872674171
TrainController,COMBINED,125,AUC,0.6826510904894247
TrainController,COMBINED,101,AP,0.6862902874432288
TrainController,COMBINED,15,LAG,88.79264214046823
TrainController,COMBINED,23,LAG,87.1638795986622
TrainController,COMBINED,121,AUC,0.6081186113335532
TrainController,COMBINED,25,AP,0.6852114731973304
TrainController,COMBINED,120,AUC,0.9802065404475044
TrainController,COMBINED,95,LAG,81.52173913043478
TrainController,COMBINED,84,LAG,81.19397993311037
TrainController,COMBINED,12,AP,0.0232558139534883
TrainController,COMBINED,17,AP,0.6956990236163689
TrainController,COMBINED,122,LAG,98.63210702341136
TrainController,COMBINED,9,AP,0.6985405181108634
TrainController,COMBINED,75,AP,0.7070618591911519
TrainController,COMBINED,58,AP,0.0028571428571428
TrainController,COMBINED,104,AP,0.7012028762580563
TrainController,COMBINED,119,AUC,0.9819277108433736
TrainController,COMBINED,87,AP,0.7079915973197953
TrainController,COMBINED,86,AP,0.6788962398284685
TrainController,COMBINED,85,AP,0.6655381136823807
TrainController,COMBINED,11,AP,0.6723535770855508
TrainController,COMBINED,133,AUC,0.9742268041237112
TrainController,COMBINED,86,LAG,81.876254180602
TrainController,COMBINED,16,AP,0.009264475068697
TrainController,COMBINED,15,AP,0.700765536200401
TrainController,COMBINED,123,LAG,85.06354515050167
TrainController,COMBINED,95,AP,0.6853695401370962
TrainController,COMBINED,94,AP,0.6868960526697505
TrainController,COMBINED,130,AP,1.0
TrainController,COMBINED,118,AP,0.6838469590520789
TrainController,COMBINED,129,LAG,84.81939799331104
TrainController,COMBINED,128,LAG,92.71571906354517
TrainController,COMBINED,127,LAG,101.0267558528428
TrainController,COMBINED,130,LAG,0.0
TrainController,COMBINED,126,LAG,99.03344481605352
TrainController,COMBINED,96,AP,0.707014242658356
TrainController,COMBINED,97,AP,0.6800492820153372
TrainController,COMBINED,119,AP,0.2142857142857142
TrainController,COMBINED,117,AUC,0.72410382024589
TrainController,COMBINED,124,LAG,99.3913043478261
TrainController,COMBINED,13,AP,0.6687863825685375
TrainController,COMBINED,14,AP,0.6917856544848707
TrainController,COMBINED,125,LAG,90.12709030100336
TrainController,COMBINED,59,AP,0.6548891667203507
TrainController,COMBINED,61,AP,0.0037037037037037
TrainController,COMBINED,62,AP,0.6566228568181636
TrainController,COMBINED,131,LAG,0.0
TrainController,COMBINED,132,LAG,12.0
TrainController,COMBINED,133,LAG,15.0
TrainController,COMBINED,4,AP,0.672628676756895
TrainController,COMBINED,98,AP,0.6645504175483254
TrainController,COMBINED,68,AP,0.6958837971002536
TrainController,COMBINED,120,AP,0.2101449275362318
TrainController,COMBINED,120,LAG,11.5
TrainController,COMBINED,3,AP,0.6645066681351108
TrainController,COMBINED,1,AP,0.6542165702955518
TrainController,COMBINED,99,AP,0.6555693549980842
TrainController,COMBINED,69,AP,0.7081149335493977
TrainController,COMBINED,70,AP,0.6907245589672719
TrainController,COMBINED,71,AP,0.7061675009762931
TrainController,COMBINED,72,AP,0.7207012992323225
TrainController,COMBINED,73,AP,1.0
TrainController,COMBINED,2,AP,0.0150750633635572
TrainController,COMBINED,100,AP,0.4818532958713224
TrainController,COMBINED,90,AP,0.025
TrainController,COMBINED,92,AP,0.6628012375172776
TrainController,COMBINED,63,AP,0.1996160274720725
TrainController,COMBINED,10,AP,0.0044312813300155
TrainController,COMBINED,64,AP,0.6582021928478871
TrainController,COMBINED,121,LAG,111.29431438127092
TrainController,COMBINED,8,AP,0.0909090909090909
TrainController,COMBINED,103,LAG,0.3333333333333333
TrainController,COMBINED,102,AP,1.0
TrainController,COMBINED,91,AP,1.0
TrainController,COMBINED,65,AP,0.0131181419183567
TrainController,COMBINED,66,AP,0.6846037996521591
TrainController,COMBINED,67,AP,0.6909450825128296
TrainController,COMBINED,119,LAG,10.5
TrainController,COMBINED,118,LAG,80.76923076923077
TrainController,COMBINED,6,AP,0.6566996387004915
TrainController,COMBINED,5,AP,0.6059457350075055
TrainController,COMBINED,93,AP,0.0094339622641509
TrainController,COMBINED,7,AP,0.6183260055497146
TrainController,COMBINED,102,LAG,0.0
TrainController,COMBINED,28,LAG,86.4314381270903
TrainController,COMBINED,101,LAG,81.35451505016722
TrainController,COMBINED,26,AUC,0.690929860097037
TrainController,COMBINED,27,AUC,0.5127094165222414
TrainController,COMBINED,28,AUC,0.6956639502567243
TrainController,COMBINED,29,AUC,0.7022351500306185
TrainController,COMBINED,55,AUC,0.6298224127372933
TrainController,COMBINED,54,AUC,0.6025837298035707
TrainController,COMBINED,109,AUC,0.7069103584719016
TrainController,COMBINED,53,AUC,0.6508314098638655
TrainController,COMBINED,51,AUC,0.4936781609195401
TrainController,COMBINED,50,AUC,0.5972843751472043
TrainController,COMBINED,49,AUC,0.596542465495313
TrainController,COMBINED,48,AUC,0.5951175279099346
TrainController,COMBINED,47,AUC,0.6508431862075463
TrainController,COMBINED,46,AUC,0.6529982571011352
TrainController,COMBINED,45,AUC,0.7646048109965636
TrainController,COMBINED,44,AUC,0.5459770114942528
TrainController,COMBINED,57,AUC,0.3929056160815817
TrainController,COMBINED,52,AUC,0.6432827735644637
TrainController,COMBINED,110,AUC,0.9991394148020654
TrainController,COMBINED,111,AUC,0.7224433557868952
TrainController,COMBINED,112,AUC,0.7290616609355127
TrainController,COMBINED,36,AP,0.002
TrainController,COMBINED,37,AP,0.0022421524663677
TrainController,COMBINED,1,AUC,0.6844999764473126
TrainController,COMBINED,38,AP,0.0153846153846153
TrainController,COMBINED,2,AUC,0.4488734835355286
TrainController,COMBINED,43,AUC,0.641810730604362
TrainController,COMBINED,4,AUC,0.716637618352254
TrainController,COMBINED,38,AUC,0.8900343642611684
TrainController,COMBINED,37,AUC,0.2353951890034364
TrainController,COMBINED,36,AUC,0.1426116838487973
TrainController,COMBINED,35,AUC,0.963917525773196
TrainController,COMBINED,34,AUC,0.9037800687285223
TrainController,COMBINED,33,AUC,0.7211597343256866
TrainController,COMBINED,32,AUC,0.5846331600231081
TrainController,COMBINED,31,AUC,0.9570446735395188
TrainController,COMBINED,30,AUC,0.7045904187667813
TrainController,COMBINED,42,AUC,0.7013401479108767
TrainController,COMBINED,116,AUC,0.7245395449620802
TrainController,COMBINED,0,AUC,0.9450171821305842
TrainController,COMBINED,118,AUC,0.7156013001083423
TrainController,COMBINED,47,AP,0.6484351495901246
TrainController,COMBINED,48,AP,0.6207882462444627
TrainController,COMBINED,49,AP,0.631802725380433
TrainController,COMBINED,50,AP,0.6216804701563943
TrainController,COMBINED,51,AP,0.0068965574213984
TrainController,COMBINED,52,AP,0.6437732535468939
TrainController,COMBINED,39,AUC,0.6934028922700081
TrainController,COMBINED,40,AUC,0.7064628574120307
TrainController,COMBINED,41,AUC,0.6852301097555231
TrainController,COMBINED,3,AUC,0.6730651467332422
TrainController,COMBINED,39,AP,0.6745509670460602
TrainController,COMBINED,40,AP,0.66816751040038
TrainController,COMBINED,35,AP,0.0454545454545454
TrainController,COMBINED,114,AUC,0.7306043619576995
TrainController,COMBINED,113,AUC,0.7430755099156814
TrainController,COMBINED,73,AUC,1.0
TrainController,COMBINED,74,AUC,0.699349945828819
TrainController,COMBINED,75,AUC,0.744041170097508
TrainController,COMBINED,76,AUC,0.6352984125488719
TrainController,COMBINED,42,AP,0.6947642412715025
TrainController,COMBINED,56,AP,0.6640561845988435
TrainController,COMBINED,43,AP,0.6340258332170924
TrainController,COMBINED,44,AP,0.0077858473360722
TrainController,COMBINED,46,AP,0.6449762279724487
TrainController,COMBINED,84,AUC,0.714105704460879
TrainController,COMBINED,83,AUC,0.927710843373494
TrainController,COMBINED,82,AUC,0.7094069433322342
TrainController,COMBINED,81,AUC,0.6890103160770643
TrainController,COMBINED,80,AUC,0.6483701540345752
TrainController,COMBINED,79,AUC,0.6585566913184794
TrainController,COMBINED,78,AUC,0.6810344827586207
TrainController,COMBINED,77,AUC,0.676056338028169
TrainController,COMBINED,45,AP,0.0072463768115942
TrainController,COMBINED,54,AP,0.6443168678489655
TrainController,COMBINED,28,AP,0.6778916379157516
TrainController,COMBINED,27,AP,0.0227325143617562
TrainController,COMBINED,88,AUC,0.7017052145649819
TrainController,COMBINED,87,AUC,0.7012106081303877
TrainController,COMBINED,86,AUC,0.7117033303499929
TrainController,COMBINED,85,AUC,0.6985609308022045
TrainController,COMBINED,34,AP,0.0175438596491228
TrainController,COMBINED,117,AP,0.6796625342169914
TrainController,COMBINED,60,AP,0.7092557286594381
TrainController,COMBINED,116,AP,0.6888421766335528
TrainController,COMBINED,41,AP,0.6471428679165983
TrainController,COMBINED,29,AP,0.6939967357296841
TrainController,COMBINED,30,AP,0.6964312191110664
TrainController,COMBINED,31,AP,0.0384615384615384
TrainController,COMBINED,32,AP,0.0182259598125913
TrainController,COMBINED,33,AP,0.7150539443671486
TrainController,COMBINED,53,AP,0.6600851243695893
TrainController,COMBINED,5,AUC,0.6297164256441661
TrainController,COMBINED,72,AUC,0.7486928258514297
TrainController,COMBINED,70,AUC,0.7032243628998069
TrainController,COMBINED,69,AUC,0.7353855574921098
TrainController,COMBINED,68,AUC,0.7171557774742098
TrainController,COMBINED,67,AUC,0.7151655753921523
TrainController,COMBINED,66,AUC,0.7140350463987941
TrainController,COMBINED,65,AUC,0.4165222414789139
TrainController,COMBINED,64,AUC,0.6645390739083329
TrainController,COMBINED,63,AUC,0.8385326400924321
TrainController,COMBINED,62,AUC,0.6639384803806114
TrainController,COMBINED,61,AUC,0.5378006872852233
TrainController,COMBINED,60,AUC,0.710561025012954
TrainController,COMBINED,71,AUC,0.7324532479155872
TrainController,COMBINED,58,LAG,349.0
TrainController,COMBINED,6,AUC,0.7016345565028971
TrainController,COMBINED,79,AP,0.6576873652173683
TrainController,COMBINED,47,LAG,99.16053511705684
TrainController,COMBINED,85,LAG,85.6086956521739
TrainController,COMBINED,48,LAG,114.9866220735786
TrainController,COMBINED,50,LAG,114.37123745819396
TrainController,COMBINED,55,AP,0.6499577514212971
TrainController,COMBINED,24,AP,0.0140417791425191
TrainController,COMBINED,23,AP,0.7034162288387232
TrainController,COMBINED,22,AP,0.2824141749723145
TrainController,COMBINED,74,AP,0.6819697105839353
TrainController,COMBINED,76,AP,0.637907983794466
TrainController,COMBINED,10,LAG,332.0
TrainController,COMBINED,9,LAG,89.04013377926421
TrainController,COMBINED,8,LAG,10.0
TrainController,COMBINED,7,LAG,108.05351170568562
TrainController,COMBINED,6,LAG,84.73578595317726
TrainController,COMBINED,5,LAG,105.16053511705684
TrainController,COMBINED,4,LAG,80.47491638795987
TrainController,COMBINED,3,LAG,92.8494983277592
TrainController,COMBINED,2,LAG,318.0
TrainController,COMBINED,1,LAG,89.60200668896321
TrainController,COMBINED,0,LAG,32.0
TrainController,COMBINED,25,LAG,87.40468227424749
TrainController,COMBINED,26,LAG,87.77591973244147
TrainController,COMBINED,41,LAG,89.39464882943143
TrainController,COMBINED,27,LAG,281.1666666666667
TrainController,COMBINED,29,LAG,84.56521739130434
TrainController,COMBINED,31,LAG,25.0
TrainController,COMBINED,99,LAG,82.78929765886288
TrainController,COMBINED,98,LAG,81.61872909698997
TrainController,COMBINED,97,LAG,81.41471571906355
TrainController,COMBINED,96,LAG,81.79264214046823
TrainController,COMBINED,14,LAG,85.14046822742475
TrainController,COMBINED,13,LAG,86.33779264214047
TrainController,COMBINED,12,LAG,42.0
TrainController,COMBINED,11,LAG,93.09030100334448
TrainController,COMBINED,46,LAG,98.5484949832776
TrainController,COMBINED,45,LAG,137.0
TrainController,COMBINED,44,LAG,263.3333333333333
TrainController,COMBINED,43,LAG,101.7257525083612
TrainController,COMBINED,56,LAG,85.17056856187291
TrainController,COMBINED,42,LAG,84.81939799331104
TrainController,COMBINED,40,LAG,83.36454849498328
TrainController,COMBINED,39,LAG,87.07357859531773
TrainController,COMBINED,38,LAG,64.0
TrainController,COMBINED,37,LAG,445.0
TrainController,COMBINED,36,LAG,499.0
TrainController,COMBINED,35,LAG,21.0
TrainController,COMBINED,34,LAG,56.0
TrainController,COMBINED,33,LAG,79.19063545150502
TrainController,COMBINED,32,LAG,239.66666666666663
TrainController,COMBINED,30,LAG,83.89632107023411
TrainController,COMBINED,54,LAG,112.86622073578596
TrainController,COMBINED,53,LAG,99.1638795986622
TrainController,COMBINED,52,LAG,101.3076923076923
TrainController,COMBINED,105,AUC,0.7156601818267465
TrainController,COMBINED,104,AUC,0.7299802157426163
TrainController,COMBINED,103,AUC,0.9994252873563216
TrainController,COMBINED,59,AUC,0.6837345141080597
TrainController,COMBINED,102,AUC,1.0
TrainController,COMBINED,100,AUC,0.9711201079622132
TrainController,COMBINED,99,AUC,0.7084883885251306
TrainController,COMBINED,98,AUC,0.7126101088134156
TrainController,COMBINED,97,AUC,0.7133284657779453
TrainController,COMBINED,96,AUC,0.7119977389420133
TrainController,COMBINED,95,AUC,0.7129516227801591
TrainController,COMBINED,94,AUC,0.7275189599133262
TrainController,COMBINED,93,AUC,0.8195876288659794
TrainController,COMBINED,92,AUC,0.7032832446182109
TrainController,COMBINED,91,AUC,1.0
TrainController,COMBINED,90,AUC,0.9329896907216496
TrainController,COMBINED,101,AUC,0.7135404399642
TrainController,COMBINED,77,AP,0.6829712353436075
TrainController,COMBINED,84,AP,0.6843269661636586
TrainController,COMBINED,83,AP,0.0335135135135135
TrainController,COMBINED,82,AP,0.6617929696562843
TrainController,COMBINED,81,AP,0.6638240770360628
TrainController,COMBINED,80,AP,0.6676081510257288
TrainController,COMBINED,106,AUC,0.7065570681614772
TrainController,COMBINED,107,AUC,0.9948364888123924
TrainController,COMBINED,108,AUC,0.9388984509466436
TrainController,COMBINED,89,AUC,0.972508591065292
TrainController,COMBINED,51,LAG,293.6666666666667
TrainController,COMBINED,49,LAG,114.58193979933112
TrainController,COMBINED,56,AUC,0.7001036318243912
TrainController,COMBINED,25,AUC,0.6922370342456075
TrainController,COMBINED,24,AUC,0.477469670710572
TrainController,COMBINED,23,AUC,0.693084930990626
TrainController,COMBINED,22,AUC,0.955363321799308
TrainController,COMBINED,21,AUC,0.8345479082321188
TrainController,COMBINED,20,AUC,0.7039191671769749
TrainController,COMBINED,19,AUC,0.9560588463027486
TrainController,COMBINED,18,AUC,0.6552593150878516
TrainController,COMBINED,78,AP,0.0110400363671786
TrainController,COMBINED,17,AUC,0.6962056620660417
TrainController,COMBINED,15,AUC,0.6873498516180696
TrainController,COMBINED,14,AUC,0.7002096189175184
TrainController,COMBINED,13,AUC,0.6959936878797871
TrainController,COMBINED,12,AUC,0.9278350515463918
TrainController,COMBINED,11,AUC,0.6722172499882235
TrainController,COMBINED,10,AUC,0.4285714285714286
TrainController,COMBINED,9,AUC,0.6864784021856895
TrainController,COMBINED,8,AUC,0.9828178694158076
TrainController,COMBINED,58,AUC,0.4003436426116838
TrainController,COMBINED,7,AUC,0.6195298883602619
TrainController,COMBINED,115,AUC,0.7148240614254088
TrainController,COMBINED,16,AUC,0.5741379310344827
TrainController,DIRECT,101,AUC,0.6092550284987518
TrainController,DIRECT,26,AP,0.51636970252735
TrainController,COMBINED,125,AP,0.7260326235276624
TrainController,DIRECT,89,LAG,0.0
TrainController,DIRECT,55,LAG,163.4247491638796
TrainController,DIRECT,88,LAG,152.22073578595317
TrainController,DIRECT,56,LAG,137.81939799331104
TrainController,DIRECT,58,LAG,484.0
TrainController,DIRECT,100,LAG,21.76923076923077
TrainController,DIRECT,98,LAG,120.2675585284281
TrainController,DIRECT,99,LAG,119.88294314381272
TrainController,DIRECT,67,LAG,171.7257525083612
TrainController,DIRECT,66,LAG,168.95317725752508
TrainController,DIRECT,65,LAG,159.33333333333334
TrainController,DIRECT,64,LAG,173.50167224080266
TrainController,DIRECT,63,LAG,51.0
TrainController,DIRECT,62,LAG,178.85284280936455
TrainController,DIRECT,61,LAG,23.0
TrainController,DIRECT,60,LAG,142.0
TrainController,DIRECT,59,LAG,148.52173913043478
TrainController,DIRECT,57,LAG,106.73504273504274
TrainController,DIRECT,87,LAG,144.22408026755852
TrainController,DIRECT,86,LAG,125.23745819397992
TrainController,DIRECT,42,LAG,166.35785953177256
TrainController,DIRECT,37,LAG,178.0
TrainController,DIRECT,36,LAG,476.0
TrainController,DIRECT,35,LAG,29.0
TrainController,DIRECT,34,LAG,67.0
TrainController,DIRECT,33,LAG,118.70568561872908
TrainController,DIRECT,32,LAG,172.83333333333334
TrainController,DIRECT,90,LAG,0.0
TrainController,DIRECT,91,LAG,0.0
TrainController,DIRECT,92,LAG,137.25083612040137
TrainController,DIRECT,93,LAG,0.0
TrainController,DIRECT,103,AUC,0.9988505747126436
TrainController,DIRECT,130,AUC,1.0
TrainController,DIRECT,24,AUC,0.7709416522241478
TrainController,DIRECT,131,AUC,1.0
TrainController,DIRECT,132,AUC,1.0
TrainController,DIRECT,133,AUC,0.9536082474226804
TrainController,DIRECT,102,AUC,1.0
TrainController,DIRECT,20,AUC,0.5642635074662018
TrainController,DIRECT,54,LAG,176.1705685618729
TrainController,DIRECT,53,LAG,154.57859531772576
TrainController,DIRECT,52,LAG,173.76923076923077
TrainController,DIRECT,51,LAG,384.0
TrainController,DIRECT,50,LAG,183.8227424749164
TrainController,DIRECT,31,LAG,121.0
TrainController,DIRECT,49,LAG,182.33779264214047
TrainController,DIRECT,47,LAG,177.41137123745818
TrainController,DIRECT,46,LAG,169.69230769230768
TrainController,DIRECT,45,LAG,177.0
TrainController,DIRECT,44,LAG,276.3333333333333
TrainController,DIRECT,43,LAG,164.14715719063545
TrainController,DIRECT,68,LAG,162.2876254180602
TrainController,DIRECT,69,LAG,161.34113712374582
TrainController,DIRECT,70,LAG,163.08695652173913
TrainController,DIRECT,71,LAG,160.49163879598663
TrainController,DIRECT,97,LAG,120.92976588628764
TrainController,DIRECT,96,LAG,143.6086956521739
TrainController,DIRECT,95,LAG,138.21070234113714
TrainController,DIRECT,94,LAG,142.1772575250836
TrainController,DIRECT,48,LAG,184.25752508361205
TrainController,DIRECT,127,AUC,0.4634933345894766
TrainController,DIRECT,30,LAG,171.09364548494983
TrainController,DIRECT,28,LAG,165.70234113712374
TrainController,DIRECT,41,LAG,166.51170568561872
TrainController,DIRECT,39,LAG,171.02006688963212
TrainController,DIRECT,8,LAG,0.0
TrainController,DIRECT,7,LAG,187.0468227424749
TrainController,DIRECT,6,LAG,126.95652173913044
TrainController,DIRECT,5,LAG,170.7257525083612
TrainController,DIRECT,4,LAG,131.61204013377926
TrainController,DIRECT,3,LAG,166.8896321070234
TrainController,DIRECT,2,LAG,134.0
TrainController,DIRECT,1,LAG,161.40802675585283
TrainController,DIRECT,0,LAG,0.0
TrainController,DIRECT,9,LAG,154.92307692307693
TrainController,DIRECT,84,LAG,147.35451505016724
TrainController,DIRECT,126,LAG,179.8494983277592
TrainController,DIRECT,125,LAG,143.01672240802677
TrainController,DIRECT,124,LAG,173.53846153846155
TrainController,DIRECT,123,LAG,160.51505016722408
TrainController,DIRECT,122,LAG,186.18060200668896
TrainController,DIRECT,121,LAG,189.6020066889632
TrainController,DIRECT,120,LAG,16.0
TrainController,DIRECT,119,LAG,8.5
TrainController,DIRECT,118,LAG,158.16722408026754
TrainController,DIRECT,117,LAG,114.438127090301
TrainController,DIRECT,116,LAG,141.0133779264214
TrainController,DIRECT,128,LAG,167.1505016722408
TrainController,DIRECT,115,LAG,147.08026755852842
TrainController,DIRECT,113,LAG,110.00334448160535
TrainController,DIRECT,72,LAG,148.4180602006689
TrainController,DIRECT,73,LAG,0.0
TrainController,DIRECT,74,LAG,162.7591973244147
TrainController,DIRECT,75,LAG,144.65886287625418
TrainController,DIRECT,27,LAG,98.33333333333331
TrainController,DIRECT,40,LAG,172.35451505016724
TrainController,DIRECT,26,LAG,154.57859531772576
TrainController,DIRECT,24,LAG,108.83333333333331
TrainController,DIRECT,23,LAG,157.5351170568562
TrainController,DIRECT,22,LAG,93.8
TrainController,DIRECT,21,LAG,125.23076923076924
TrainController,DIRECT,20,LAG,146.74247491638795
TrainController,DIRECT,19,LAG,4.111111111111111
TrainController,DIRECT,18,LAG,179.33779264214047
TrainController,DIRECT,17,LAG,147.83946488294313
TrainController,DIRECT,16,LAG,351.3333333333333
TrainController,DIRECT,15,LAG,173.16387959866222
TrainController,DIRECT,29,LAG,159.45484949832775
TrainController,DIRECT,14,LAG,161.31103678929765
TrainController,DIRECT,38,LAG,2.0
TrainController,DIRECT,12,LAG,145.0
TrainController,DIRECT,11,LAG,171.5819397993311
TrainController,DIRECT,10,LAG,44.5
TrainController,DIRECT,85,LAG,157.19732441471572
TrainController,DIRECT,83,LAG,0.0
TrainController,DIRECT,82,LAG,131.38795986622074
TrainController,DIRECT,81,LAG,142.70903010033445
TrainController,DIRECT,80,LAG,143.0401337792642
TrainController,DIRECT,79,LAG,172.63545150501673
TrainController,DIRECT,78,LAG,112.66666666666669
TrainController,DIRECT,77,LAG,174.8294314381271
TrainController,COMBINED,124,AP,0.6530058868953992
TrainController,DIRECT,13,LAG,170.54515050167225
TrainController,DIRECT,112,LAG,109.247491638796
TrainController,DIRECT,129,AUC,0.5469640585990861
TrainController,DIRECT,104,AUC,0.6367469028216118
TrainController,DIRECT,68,AUC,0.5155918790333978
TrainController,DIRECT,67,AUC,0.5278863818361675
TrainController,DIRECT,66,AUC,0.5303711903528193
TrainController,DIRECT,65,AUC,0.639370306181398
TrainController,DIRECT,64,AUC,0.5456568844505159
TrainController,DIRECT,63,AUC,0.9116117850953206
TrainController,DIRECT,62,AUC,0.5057233030288757
TrainController,DIRECT,61,AUC,0.9604810996563574
TrainController,DIRECT,60,AUC,0.5793902209242074
TrainController,DIRECT,58,AUC,0.4286941580756014
TrainController,DIRECT,87,AUC,0.5484478779028686
TrainController,DIRECT,43,AUC,0.5189599133261105
TrainController,DIRECT,86,AUC,0.6073825898535024
TrainController,DIRECT,12,AUC,0.7508591065292096
TrainController,DIRECT,38,AUC,0.9965635738831614
TrainController,DIRECT,37,AUC,0.6941580756013745
TrainController,DIRECT,36,AUC,0.3994845360824742
TrainController,DIRECT,35,AUC,0.950171821305842
TrainController,DIRECT,34,AUC,0.8848797250859106
TrainController,DIRECT,33,AUC,0.5819986810495077
TrainController,DIRECT,32,AUC,0.6837088388214905
TrainController,DIRECT,31,AUC,0.7920962199312714
TrainController,DIRECT,30,AUC,0.5269560506853832
TrainController,DIRECT,29,AUC,0.5389679212398134
TrainController,DIRECT,28,AUC,0.5114407178859107
TrainController,DIRECT,27,AUC,0.7729636048526862
TrainController,DIRECT,39,AUC,0.537601865372839
TrainController,DIRECT,99,AUC,0.6256594752461255
TrainController,DIRECT,100,AUC,0.961808367071525
TrainController,DIRECT,25,LAG,152.3913043478261
TrainController,DIRECT,59,AUC,0.4770243534787319
TrainController,DIRECT,55,AUC,0.5210973197041783
TrainController,DIRECT,54,AUC,0.4713481558245795
TrainController,DIRECT,53,AUC,0.4637053087757313
TrainController,DIRECT,52,AUC,0.495731075415705
TrainController,DIRECT,51,AUC,0.325
TrainController,DIRECT,50,AUC,0.4431909180837533
TrainController,DIRECT,49,AUC,0.4463469781902116
TrainController,DIRECT,48,AUC,0.441436242875312
TrainController,DIRECT,47,AUC,0.4822412737293325
TrainController,DIRECT,46,AUC,0.4888949079089925
TrainController,DIRECT,45,AUC,0.6958762886597939
TrainController,DIRECT,44,AUC,0.5235632183908046
TrainController,DIRECT,70,AUC,0.53342126336615
TrainController,DIRECT,25,AUC,0.5010951999623157
TrainController,DIRECT,71,AUC,0.5461397145414292
TrainController,DIRECT,98,AUC,0.6246643742050968
TrainController,DIRECT,97,AUC,0.6091667059211456
TrainController,DIRECT,96,AUC,0.5902656743134391
TrainController,DIRECT,95,AUC,0.5820222337368693
TrainController,DIRECT,94,AUC,0.5858259927457723
TrainController,DIRECT,93,AUC,1.0
TrainController,DIRECT,92,AUC,0.5371425879692874
TrainController,DIRECT,91,AUC,1.0
TrainController,DIRECT,90,AUC,1.0
TrainController,DIRECT,89,AUC,1.0
TrainController,DIRECT,56,AUC,0.5541770691035848
TrainController,DIRECT,88,AUC,0.5510033444816054
TrainController,DIRECT,57,AUC,0.6594127141337441
TrainController,DIRECT,72,AUC,0.5762400489895897
TrainController,DIRECT,128,AUC,0.5433840501201188
TrainController,DIRECT,26,AUC,0.5145673371331669
TrainController,DIRECT,16,AUC,0.4948275862068965
TrainController,DIRECT,3,AUC,0.5350640633096236
TrainController,DIRECT,2,AUC,0.6711438474870017
TrainController,DIRECT,1,AUC,0.5281925667718687
TrainController,DIRECT,0,AUC,1.0
TrainController,DIRECT,42,AUC,0.5421357576899525
TrainController,DIRECT,126,AUC,0.4813344952659099
TrainController,DIRECT,125,AUC,0.5630623204107588
TrainController,DIRECT,124,AUC,0.4870695746384662
TrainController,DIRECT,123,AUC,0.5511917659804983
TrainController,DIRECT,122,AUC,0.4538014037401667
TrainController,DIRECT,121,AUC,0.4144625276744076
TrainController,DIRECT,120,AUC,0.972461273666093
TrainController,DIRECT,119,AUC,0.985370051635112
TrainController,DIRECT,118,AUC,0.5536706863253097
TrainController,DIRECT,117,AUC,0.636746902821612
TrainController,DIRECT,116,AUC,0.568938715907485
TrainController,DIRECT,115,AUC,0.5635922558763955
TrainController,DIRECT,114,AUC,0.6156319186019125
TrainController,DIRECT,113,AUC,0.6126407273069857
TrainController,DIRECT,112,AUC,0.615349286353573
TrainController,DIRECT,111,AUC,0.5970488482735881
TrainController,DIRECT,110,AUC,0.9982788296041308
TrainController,DIRECT,109,AUC,0.6012412266239578
TrainController,DIRECT,108,AUC,0.6656626506024096
TrainController,DIRECT,107,AUC,0.9905335628227194
TrainController,DIRECT,106,AUC,0.5523929530359414
TrainController,DIRECT,105,AUC,0.5710820104573932
TrainController,DIRECT,4,AUC,0.6047623533845212
TrainController,DIRECT,5,AUC,0.4945593292194639
TrainController,DIRECT,6,AUC,0.5892882377879316
TrainController,DIRECT,7,AUC,0.43634297423336
TrainController,DIRECT,17,AUC,0.5608719204861276
TrainController,DIRECT,18,AUC,0.4859979273635122
TrainController,DIRECT,19,AUC,0.9928377855207124
TrainController,DIRECT,14,AUC,0.5229756465212682
TrainController,DIRECT,21,AUC,0.7802968960863698
TrainController,DIRECT,22,AUC,0.8377162629757786
TrainController,DIRECT,23,AUC,0.5167812897451599
TrainController,DIRECT,13,AUC,0.5078253803759009
TrainController,DIRECT,11,AUC,0.4819998586838758
TrainController,DIRECT,10,AUC,0.923407917383821
TrainController,DIRECT,41,AUC,0.5067301804135852
TrainController,DIRECT,84,AUC,0.5880517217014462
TrainController,DIRECT,83,AUC,1.0
TrainController,DIRECT,15,AUC,0.4992227613170663
TrainController,DIRECT,82,AUC,0.5674666729473833
TrainController,DIRECT,80,AUC,0.5905836355928211
TrainController,DIRECT,79,AUC,0.5437020113995007
TrainController,DIRECT,78,AUC,0.8057471264367816
TrainController,DIRECT,77,AUC,0.4780606717226435
TrainController,DIRECT,76,AUC,0.4572400960949644
TrainController,DIRECT,75,AUC,0.6030430072071222
TrainController,DIRECT,74,AUC,0.5231993970512034
TrainController,DIRECT,73,AUC,1.0
TrainController,DIRECT,85,AUC,0.5608542559706062
TrainController,DIRECT,69,AUC,0.5318196806255593
TrainController,DIRECT,40,AUC,0.5210443261576146
TrainController,DIRECT,9,AUC,0.5607188280182769
TrainController,DIRECT,8,AUC,1.0
TrainController,DIRECT,81,AUC,0.5272681237929248
TrainController,DIRECT,111,LAG,114.4648829431438
TrainController,DIRECT,76,LAG,180.66555183946488
TrainController,DIRECT,109,LAG,139.01003344481606
TrainController,DIRECT,36,AP,0.0017152658662092
TrainController,DIRECT,8,AP,1.0
TrainController,DIRECT,6,AP,0.5671882133639711
TrainController,DIRECT,42,AP,0.5614489031764567
TrainController,DIRECT,86,AP,0.6424420361705858
TrainController,DIRECT,84,AP,0.590028690765289
TrainController,DIRECT,83,AP,1.0
TrainController,DIRECT,82,AP,0.5948207241225975
TrainController,DIRECT,81,AP,0.5255734956749026
TrainController,DIRECT,10,AP,0.0321969696969696
TrainController,DIRECT,80,AP,0.6038372281322654
TrainController,DIRECT,40,AP,0.5558894588743643
TrainController,DIRECT,0,AP,1.0
TrainController,DIRECT,1,AP,0.506525683467482
TrainController,DIRECT,11,AP,0.513061193817051
TrainController,DIRECT,2,AP,0.2495902420430722
TrainController,DIRECT,3,AP,0.5281360540178903
TrainController,DIRECT,5,AP,0.5025363666538224
TrainController,DIRECT,7,AP,0.4660588197428525
TrainController,DIRECT,35,AP,0.0333333333333333
TrainController,DIRECT,4,AP,0.5982345874062268
TrainController,DIRECT,33,AP,0.5840760515017166
TrainController,DIRECT,89,AP,1.0
TrainController,DIRECT,90,AP,1.0
TrainController,DIRECT,91,AP,1.0
TrainController,DIRECT,92,AP,0.5662660446547425
TrainController,DIRECT,38,AP,0.3333333333333333
TrainController,DIRECT,9,AP,0.562958543448713
TrainController,DIRECT,37,AP,0.0055865921787709
TrainController,DIRECT,12,AP,0.0068493150684931
TrainController,DIRECT,45,AP,0.0056179775280898
TrainController,DIRECT,111,AP,0.5940785993199998
TrainController,DIRECT,110,AP,0.5833333333333333
TrainController,DIRECT,109,AP,0.5810644231376404
TrainController,DIRECT,108,AP,0.018956645176554
TrainController,DIRECT,107,AP,0.2083333333333333
TrainController,DIRECT,106,AP,0.5851371401063818
TrainController,DIRECT,105,AP,0.6011853640752882
TrainController,DIRECT,104,AP,0.6407047860536428
TrainController,DIRECT,103,AP,0.8666666666666667
TrainController,DIRECT,128,AP,0.5334912516771342
TrainController,DIRECT,129,AP,0.5569255890731365
TrainController,DIRECT,47,AP,0.5099160943428491
TrainController,DIRECT,46,AP,0.4993617276548313
TrainController,DIRECT,24,AP,0.2688301418688708
TrainController,DIRECT,110,LAG,1.0
TrainController,DIRECT,44,AP,0.0071603263337851
TrainController,DIRECT,39,AP,0.5332907100971125
TrainController,DIRECT,68,AP,0.5299170478528604
TrainController,DIRECT,41,AP,0.5477121298916837
TrainController,DIRECT,85,AP,0.5424704089078499
TrainController,DIRECT,13,AP,0.5321488282709537
TrainController,DIRECT,79,AP,0.5447952771270573
TrainController,DIRECT,78,AP,0.0172052365564669
TrainController,DIRECT,77,AP,0.5063710662025397
TrainController,DIRECT,76,AP,0.4945739811192858
TrainController,DIRECT,75,AP,0.5971118467657002
TrainController,DIRECT,74,AP,0.5245782283496319
TrainController,DIRECT,73,AP,1.0
TrainController,DIRECT,101,AP,0.6128601991100844
TrainController,DIRECT,23,AP,0.5380130356303539
TrainController,DIRECT,93,AP,1.0
TrainController,DIRECT,94,AP,0.5860363455464146
TrainController,COMBINED,71,LAG,75.98327759197325
TrainController,COMBINED,70,LAG,84.28428093645485
TrainController,COMBINED,69,LAG,75.15050167224081
TrainController,COMBINED,75,LAG,72.6923076923077
TrainController,COMBINED,68,LAG,80.32775919732441
TrainController,COMBINED,66,LAG,81.21404682274247
TrainController,COMBINED,65,LAG,336.6666666666667
TrainController,COMBINED,64,LAG,95.27090301003344
TrainController,COMBINED,63,LAG,93.16666666666669
TrainController,COMBINED,62,LAG,95.44147157190636
TrainController,COMBINED,61,LAG,269.0
TrainController,COMBINED,60,LAG,82.20066889632108
TrainController,COMBINED,67,LAG,80.89297658862876
TrainController,COMBINED,72,LAG,71.37123745819397
TrainController,COMBINED,76,LAG,103.5752508361204
TrainController,COMBINED,77,LAG,92.0
TrainController,COMBINED,117,LAG,78.35451505016722
TrainController,COMBINED,83,LAG,42.0
TrainController,COMBINED,82,LAG,82.52842809364549
TrainController,COMBINED,81,LAG,88.32107023411372
TrainController,COMBINED,80,LAG,99.8628762541806
TrainController,COMBINED,79,LAG,96.96989966555184
TrainController,COMBINED,132,AP,0.0769230769230769
TrainController,COMBINED,131,AP,1.0
TrainController,COMBINED,129,AP,0.7062356449820232
TrainController,COMBINED,128,AP,0.6645018626245474
TrainController,COMBINED,127,AP,0.6336565654882657
TrainController,COMBINED,126,AP,0.6470718721895031
TrainController,COMBINED,78,LAG,185.0
TrainController,DIRECT,112,AP,0.6104552702213216
TrainController,COMBINED,73,LAG,0.0
TrainController,COMBINED,121,AP,0.5848127888339902
TrainController,DIRECT,95,AP,0.5844206589769119
TrainController,DIRECT,96,AP,0.5908310334964443
TrainController,DIRECT,22,AP,0.2331648950235338
TrainController,DIRECT,98,AP,0.592818441852035
TrainController,DIRECT,72,AP,0.5706773500476191
TrainController,DIRECT,21,AP,0.0740777697392154
TrainController,DIRECT,20,AP,0.5703154297226571
TrainController,DIRECT,19,AP,0.7437412976886661
TrainController,DIRECT,18,AP,0.4889606151604654
TrainController,DIRECT,34,AP,0.0147058823529411
TrainController,DIRECT,16,AP,0.006055203648429
TrainController,DIRECT,15,AP,0.5602558092434509
TrainController,DIRECT,71,AP,0.5469180025024227
TrainController,COMBINED,74,LAG,85.38461538461539
TrainController,DIRECT,70,AP,0.5482986606324438
TrainController,DIRECT,43,AP,0.5236305231912537
TrainController,DIRECT,88,AP,0.5590002410865602
TrainController,DIRECT,87,AP,0.6063419361987021
TrainController,DIRECT,17,AP,0.5922442328318843
TrainController,DIRECT,32,AP,0.0268400142189374
TrainController,DIRECT,29,AP,0.5486938604376267
TrainController,DIRECT,28,AP,0.5232242746758895
TrainController,DIRECT,27,AP,0.2909966692985561
TrainController,DIRECT,30,AP,0.5314248500978286
TrainController,DIRECT,31,AP,0.0081967213114754
TrainController,COMBINED,88,AP,0.6761076875838168
TrainController,COMBINED,123,AP,0.7353143138860638
TrainController,COMBINED,122,AP,0.6317900971237772
TrainController,DIRECT,69,AP,0.548077831994692
TrainController,DIRECT,113,AP,0.6135527806963155
TrainController,COMBINED,0,AP,0.0303030303030303
TrainController,DIRECT,115,AP,0.5399043550247414
TrainController,DIRECT,52,AP,0.4990142491853043
TrainController,DIRECT,51,AP,0.0051457975986277
TrainController,DIRECT,50,AP,0.5254290802834087
TrainController,DIRECT,49,AP,0.5292159382050081
TrainController,DIRECT,48,AP,0.5181008052612119
TrainController,DIRECT,55,AP,0.5460661209265831
TrainController,DIRECT,114,AP,0.5954883552563002
TrainController,DIRECT,67,AP,0.5343752153894119
TrainController,DIRECT,66,AP,0.5271921511106629
TrainController,DIRECT,25,AP,0.5079895024502674
TrainController,DIRECT,99,AP,0.5926089044437609
TrainController,DIRECT,100,AP,0.777759545297674
TrainController,DIRECT,97,AP,0.6097389288165272
TrainController,DIRECT,127,AP,0.4914733409926812
TrainController,DIRECT,126,AP,0.4934670785465059
TrainController,DIRECT,125,AP,0.5566798261945306
TrainController,DIRECT,124,AP,0.524643750208047
TrainController,DIRECT,123,AP,0.5536099347791249
TrainController,DIRECT,122,AP,0.4752930685457797
TrainController,DIRECT,121,AP,0.4513840314536432
TrainController,DIRECT,120,AP,0.5294117647058824
TrainController,DIRECT,119,AP,0.5526315789473684
TrainController,DIRECT,118,AP,0.5583919612058027
TrainController,DIRECT,53,AP,0.4968055108685843
TrainController,DIRECT,102,AP,1.0
TrainController,DIRECT,54,AP,0.5285023406081166
TrainController,DIRECT,64,AP,0.5429247588599062
TrainController,DIRECT,108,LAG,192.5
TrainController,DIRECT,107,LAG,5.5
TrainController,DIRECT,106,LAG,152.5284280936455
TrainController,DIRECT,105,LAG,152.58528428093646
TrainController,DIRECT,104,LAG,120.10367892976588
TrainController,DIRECT,103,LAG,0.6666666666666666
TrainController,DIRECT,114,LAG,138.1571906354515
TrainController,DIRECT,127,LAG,182.77257525083613
TrainController,DIRECT,102,LAG,0.0
TrainController,DIRECT,129,LAG,167.87625418060202
TrainController,DIRECT,131,LAG,0.0
TrainController,DIRECT,133,LAG,27.0
TrainController,DIRECT,132,LAG,0.0
TrainController,DIRECT,130,LAG,0.0
TrainController,DIRECT,101,LAG,126.88628762541806
TrainController,DIRECT,14,AP,0.5359245118592562
TrainController,DIRECT,63,AP,0.0630402902021336
TrainController,DIRECT,62,AP,0.5061425013285002
TrainController,DIRECT,61,AP,0.0416666666666666
TrainController,DIRECT,60,AP,0.5596078631435035
TrainController,DIRECT,59,AP,0.4844178116896788
TrainController,DIRECT,58,AP,0.0017152658662092
TrainController,DIRECT,57,AP,0.4253078323821502
TrainController,DIRECT,56,AP,0.5632684733157494
TrainController,DIRECT,132,AP,1.0
TrainController,DIRECT,65,AP,0.081051594700077
TrainController,DIRECT,116,AP,0.5724098434919574
TrainController,DIRECT,117,AP,0.6305814196647814
TrainController,DIRECT,130,AP,1.0
TrainController,DIRECT,131,AP,1.0
TrainController,DIRECT,133,AP,0.0357142857142857
EBT,DIRECT,3,AUC,0.7402376910016978
EBT,COMBINED,9,LAG,4.935483870967742
EBT,COMBINED,8,LAG,4.096774193548387
EBT,COMBINED,6,LAG,4.064516129032258
EBT,COMBINED,5,LAG,4.032258064516129
EBT,COMBINED,14,LAG,5.032258064516129
EBT,COMBINED,19,LAG,4.612903225806452
EBT,COMBINED,20,LAG,4.451612903225806
EBT,DIRECT,5,LAG,4.161290322580645
EBT,COMBINED,10,LAG,4.967741935483871
EBT,DIRECT,6,LAG,4.612903225806452
EBT,COMBINED,4,LAG,3.3870967741935485
EBT,COMBINED,2,LAG,5.032258064516129
EBT,DIRECT,4,LAG,3.774193548387097
EBT,COMBINED,11,LAG,5.387096774193548
EBT,COMBINED,18,LAG,3.6774193548387095
EBT,COMBINED,13,LAG,5.225806451612903
EBT,DIRECT,7,LAG,1.0
EBT,COMBINED,15,LAG,3.032258064516129
EBT,COMBINED,16,LAG,3.161290322580645
EBT,COMBINED,17,LAG,2.7419354838709675
EBT,DIRECT,8,AP,0.9002823018075531
EBT,DIRECT,9,LAG,6.451612903225806
EBT,DIRECT,9,AP,0.7745358272815976
EBT,DIRECT,1,AP,0.7775996503626237
EBT,DIRECT,3,AP,0.7889018569579177
EBT,DIRECT,4,AP,0.8788869130698158
EBT,DIRECT,9,AUC,0.6604414261460102
EBT,COMBINED,0,AUC,0.7164685908319185
EBT,COMBINED,12,LAG,5.161290322580645
EBT,DIRECT,8,LAG,3.548387096774193
EBT,DIRECT,11,LAG,6.129032258064516
EBT,DIRECT,7,AP,0.5
EBT,COMBINED,16,AP,0.8901371870938933
EBT,COMBINED,21,LAG,3.967741935483871
EBT,DIRECT,14,AP,0.7224392532860275
EBT,COMBINED,6,AUC,0.7877758913412564
EBT,COMBINED,17,AP,0.9049235274194544
EBT,COMBINED,18,AP,0.8726249498401852
EBT,COMBINED,19,AP,0.8608465800729161
EBT,COMBINED,9,AUC,0.7402376910016977
EBT,COMBINED,7,LAG,14.0
EBT,DIRECT,3,LAG,5.032258064516129
EBT,COMBINED,0,LAG,5.387096774193548
EBT,COMBINED,1,LAG,6.129032258064516
EBT,DIRECT,2,LAG,6.483870967741935
EBT,DIRECT,10,LAG,6.290322580645161
EBT,DIRECT,0,LAG,5.709677419354839
EBT,COMBINED,20,AP,0.8708547805923652
EBT,DIRECT,21,LAG,4.483870967741935
EBT,DIRECT,20,LAG,5.161290322580645
EBT,DIRECT,19,LAG,6.419354838709677
EBT,DIRECT,18,LAG,3.3548387096774195
EBT,DIRECT,17,LAG,3.548387096774193
EBT,DIRECT,16,LAG,2.7419354838709675
EBT,DIRECT,15,LAG,4.419354838709677
EBT,DIRECT,14,LAG,6.645161290322581
EBT,DIRECT,0,AUC,0.7122241086587435
EBT,DIRECT,13,LAG,7.129032258064516
EBT,DIRECT,12,LAG,6.580645161290323
EBT,DIRECT,5,AUC,0.7877758913412564
EBT,COMBINED,3,LAG,4.0
EBT,DIRECT,2,AUC,0.6095076400679118
EBT,COMBINED,21,AUC,0.7911714770797963
EBT,COMBINED,19,AUC,0.7589134125636672
EBT,COMBINED,4,AP,0.8881171826831094
EBT,COMBINED,7,AUC,0.7142857142857143
EBT,COMBINED,21,AP,0.8748331844561287
EBT,COMBINED,5,AUC,0.7877758913412564
EBT,COMBINED,5,AP,0.8799357008252622
EBT,COMBINED,6,AP,0.881972863277953
EBT,COMBINED,7,AP,0.0666666666666666
EBT,COMBINED,8,AP,0.8852951459546161
EBT,COMBINED,10,AP,0.7751402897785548
EBT,COMBINED,11,AP,0.7663660067360356
EBT,COMBINED,1,AP,0.8286951312243495
EBT,DIRECT,19,AUC,0.6943972835314093
EBT,DIRECT,20,AUC,0.7317487266553481
EBT,DIRECT,21,AUC,0.7775891341256368
EBT,DIRECT,6,AP,0.8752727087843399
EBT,DIRECT,21,AP,0.8471272094064148
EBT,DIRECT,19,AP,0.8069480661653338
EBT,DIRECT,18,AP,0.8727116685259502
EBT,DIRECT,17,AP,0.8848184416289998
EBT,DIRECT,16,AP,0.9123362738529353
EBT,DIRECT,1,LAG,7.096774193548387
EBT,DIRECT,1,AUC,0.6400679117147707
EBT,DIRECT,15,AP,0.8553198717590332
EBT,DIRECT,13,AP,0.6988877925577018
EBT,DIRECT,12,AP,0.7226978546606571
EBT,DIRECT,11,AP,0.7099780455697976
EBT,DIRECT,10,AP,0.7052716680940159
EBT,COMBINED,4,AUC,0.8217317487266553
EBT,COMBINED,3,AUC,0.7894736842105263
EBT,DIRECT,4,AUC,0.7996604414261461
EBT,DIRECT,20,AP,0.8361420412425897
EBT,DIRECT,5,AP,0.8743676542606448
EBT,DIRECT,2,AP,0.7172203590100323
EBT,COMBINED,3,AP,0.8631541771539346
EBT,COMBINED,18,AUC,0.8064516129032258
EBT,COMBINED,17,AUC,0.8556876061120543
EBT,COMBINED,16,AUC,0.833616298811545
EBT,COMBINED,15,AUC,0.8404074702886248
EBT,COMBINED,14,AUC,0.7368421052631579
EBT,COMBINED,13,AUC,0.7249575551782683
EBT,COMBINED,12,AUC,0.7292020373514432
EBT,COMBINED,11,AUC,0.7181663837011885
EBT,DIRECT,6,AUC,0.7758913412563668
EBT,COMBINED,10,AUC,0.7393887945670629
EBT,DIRECT,7,AUC,0.979591836734694
EBT,DIRECT,8,AUC,0.8098471986417658
EBT,DIRECT,10,AUC,0.6706281833616299
EBT,COMBINED,15,AP,0.888768414450254
EBT,COMBINED,14,AP,0.7736563234324952
EBT,COMBINED,13,AP,0.777622793983759
EBT,COMBINED,12,AP,0.7760717889666953
EBT,COMBINED,2,AP,0.7909445274235563
EBT,COMBINED,0,AP,0.845529259544838
EBT,DIRECT,18,AUC,0.8234295415959253
EBT,DIRECT,0,AP,0.8054473578287618
EBT,COMBINED,9,AP,0.8231949925878467
EBT,DIRECT,17,AUC,0.8285229202037352
EBT,COMBINED,20,AUC,0.7674023769100169
EBT,DIRECT,16,AUC,0.863327674023769
EBT,DIRECT,15,AUC,0.7928692699490663
EBT,DIRECT,14,AUC,0.6536502546689305
EBT,COMBINED,2,AUC,0.735144312393888
EBT,DIRECT,12,AUC,0.6587436332767402
EBT,DIRECT,11,AUC,0.6791171477079796
EBT,COMBINED,1,AUC,0.6774193548387096
EBT,COMBINED,8,AUC,0.7843803056027164
EBT,DIRECT,13,AUC,0.6247877758913414
