dataset,technique_type,transitive_trace_type,direct_algebraic_model,transitive_algebraic_model,transitive_scaling,transitive_aggregation,technique_aggregation,ap,auc,lag,name,query_id
Drone,HYBRID,none,VSM,LSI,GLOBAL,MAX,MAX,0.3642969616766885,0.6471337251897722,7719.847906197655,(o (MAX) ((. (VSM NT) (0 2)) (x (MAX GLOBAL) ((. (LSI NT) (0 1)) (. (LSI NT) (1 2)))))),0
Drone,HYBRID,none,LSI,VSM,INDEPENDENT,PCA,SUM,0.3517364524886782,0.6263139806716583,8236.03986599665,(o (SUM) ((. (LSI NT) (0 2)) (x (PCA INDEPENDENT) ((. (VSM NT) (0 1)) (. (VSM NT) (1 2)))))),0
Drone,HYBRID,none,LSI,VSM,INDEPENDENT,PCA,PCA,0.341713893618727,0.6053943948417222,8697.107537688442,(o (PCA) ((. (LSI NT) (0 2)) (x (PCA INDEPENDENT) ((. (VSM NT) (0 1)) (. (VSM NT) (1 2)))))),0
Drone,HYBRID,none,LSI,LSI,INDEPENDENT,PCA,MAX,0.3512809774488909,0.6075895813003311,8648.725628140703,(o (MAX) ((. (LSI NT) (0 2)) (x (PCA INDEPENDENT) ((. (LSI NT) (0 1)) (. (LSI NT) (1 2)))))),0
Drone,HYBRID,none,LSI,LSI,INDEPENDENT,SUM,PCA,0.3573660580897258,0.6344776818150035,8056.11189279732,(o (PCA) ((. (LSI NT) (0 2)) (x (SUM INDEPENDENT) ((. (LSI NT) (0 1)) (. (LSI NT) (1 2)))))),0
Drone,HYBRID,none,LSI,LSI,INDEPENDENT,SUM,SUM,0.3838281671037736,0.6635607711880638,7415.120603015075,(o (SUM) ((. (LSI NT) (0 2)) (x (SUM INDEPENDENT) ((. (LSI NT) (0 1)) (. (LSI NT) (1 2)))))),0
Drone,HYBRID,none,LSI,VSM,GLOBAL,MAX,MAX,0.3614739951414993,0.6441484342462463,7842.96850921273,(o (MAX) ((. (LSI NT) (0 2)) (x (MAX GLOBAL) ((. (VSM NT) (0 1)) (. (VSM NT) (1 2)))))),0
Drone,HYBRID,none,VSM,VSM,INDEPENDENT,MAX,MAX,0.3714380114092208,0.6544922434313126,7592.589949748743,(o (MAX) ((. (VSM NT) (0 2)) (x (MAX INDEPENDENT) ((. (VSM NT) (0 1)) (. (VSM NT) (1 2)))))),0
Drone,HYBRID,none,VSM,VSM,INDEPENDENT,MAX,SUM,0.3751897661826185,0.6633102749075079,7420.628140703518,(o (SUM) ((. (VSM NT) (0 2)) (x (MAX INDEPENDENT) ((. (VSM NT) (0 1)) (. (VSM NT) (1 2)))))),0
Drone,HYBRID,none,VSM,VSM,INDEPENDENT,MAX,PCA,0.3599157276475478,0.6408687569730078,7915.253936348408,(o (PCA) ((. (VSM NT) (0 2)) (x (MAX INDEPENDENT) ((. (VSM NT) (0 1)) (. (VSM NT) (1 2)))))),0
Drone,HYBRID,none,LSI,VSM,INDEPENDENT,PCA,MAX,0.3485269066006202,0.62258570529599,8318.211055276382,(o (MAX) ((. (LSI NT) (0 2)) (x (PCA INDEPENDENT) ((. (VSM NT) (0 1)) (. (VSM NT) (1 2)))))),0
Drone,HYBRID,none,VSM,LSI,INDEPENDENT,PCA,PCA,0.3629836524029771,0.6313214286800001,8125.675711892797,(o (PCA) ((. (VSM NT) (0 2)) (x (PCA INDEPENDENT) ((. (LSI NT) (0 1)) (. (LSI NT) (1 2)))))),0
Drone,HYBRID,none,VSM,VSM,INDEPENDENT,SUM,PCA,0.3582689413616806,0.638009800970977,7978.259631490787,(o (PCA) ((. (VSM NT) (0 2)) (x (SUM INDEPENDENT) ((. (VSM NT) (0 1)) (. (VSM NT) (1 2)))))),0
Drone,HYBRID,none,VSM,VSM,INDEPENDENT,PCA,MAX,0.3559515122007174,0.6393034288198403,7925.775209380235,(o (MAX) ((. (VSM NT) (0 2)) (x (PCA INDEPENDENT) ((. (VSM NT) (0 1)) (. (VSM NT) (1 2)))))),0
Drone,HYBRID,none,VSM,VSM,INDEPENDENT,PCA,SUM,0.3620584272009218,0.6435397191644856,7856.395979899497,(o (SUM) ((. (VSM NT) (0 2)) (x (PCA INDEPENDENT) ((. (VSM NT) (0 1)) (. (VSM NT) (1 2)))))),0
Drone,HYBRID,none,VSM,LSI,INDEPENDENT,MAX,MAX,0.363489333165164,0.6484171614272208,7694.042211055276,(o (MAX) ((. (VSM NT) (0 2)) (x (MAX INDEPENDENT) ((. (LSI NT) (0 1)) (. (LSI NT) (1 2)))))),0
Drone,HYBRID,none,LSI,VSM,GLOBAL,PCA,SUM,0.3517364524886782,0.6263139806716583,8236.03986599665,(o (SUM) ((. (LSI NT) (0 2)) (x (PCA GLOBAL) ((. (VSM NT) (0 1)) (. (VSM NT) (1 2)))))),0
Drone,HYBRID,none,LSI,LSI,INDEPENDENT,SUM,MAX,0.3782259274211876,0.6540599853471836,7624.517922948074,(o (MAX) ((. (LSI NT) (0 2)) (x (SUM INDEPENDENT) ((. (LSI NT) (0 1)) (. (LSI NT) (1 2)))))),0
Drone,HYBRID,none,LSI,VSM,GLOBAL,MAX,PCA,0.3476132815020184,0.6161806309223066,8459.378894472362,(o (PCA) ((. (LSI NT) (0 2)) (x (MAX GLOBAL) ((. (VSM NT) (0 1)) (. (VSM NT) (1 2)))))),0
Drone,HYBRID,none,LSI,LSI,GLOBAL,SUM,SUM,0.3887936404799174,0.6716158986098065,7237.585594639866,(o (SUM) ((. (LSI NT) (0 2)) (x (SUM GLOBAL) ((. (LSI NT) (0 1)) (. (LSI NT) (1 2)))))),0
Drone,HYBRID,none,LSI,LSI,GLOBAL,SUM,PCA,0.3605540255208989,0.6390807789704723,7954.659631490787,(o (PCA) ((. (LSI NT) (0 2)) (x (SUM GLOBAL) ((. (LSI NT) (0 1)) (. (LSI NT) (1 2)))))),0
Drone,HYBRID,none,VSM,VSM,INDEPENDENT,SUM,SUM,0.3745475323409939,0.6618733716981763,7452.317252931323,(o (SUM) ((. (VSM NT) (0 2)) (x (SUM INDEPENDENT) ((. (VSM NT) (0 1)) (. (VSM NT) (1 2)))))),0
Drone,HYBRID,none,LSI,LSI,GLOBAL,PCA,MAX,0.3548670743355319,0.6138284586878737,8511.220770519263,(o (MAX) ((. (LSI NT) (0 2)) (x (PCA GLOBAL) ((. (LSI NT) (0 1)) (. (LSI NT) (1 2)))))),0
Drone,HYBRID,none,LSI,VSM,INDEPENDENT,SUM,PCA,0.3449297096053713,0.6098196365979931,8599.575209380235,(o (PCA) ((. (LSI NT) (0 2)) (x (SUM INDEPENDENT) ((. (VSM NT) (0 1)) (. (VSM NT) (1 2)))))),0
Drone,HYBRID,none,LSI,VSM,INDEPENDENT,SUM,MAX,0.3618539019806365,0.6431956059790787,7863.968844221105,(o (MAX) ((. (LSI NT) (0 2)) (x (SUM INDEPENDENT) ((. (VSM NT) (0 1)) (. (VSM NT) (1 2)))))),0
Drone,HYBRID,none,VSM,LSI,GLOBAL,PCA,SUM,0.3712483825567881,0.6350999097118989,8042.397989949749,(o (SUM) ((. (VSM NT) (0 2)) (x (PCA GLOBAL) ((. (LSI NT) (0 1)) (. (LSI NT) (1 2)))))),0
Drone,HYBRID,none,VSM,LSI,GLOBAL,PCA,MAX,0.3626922810858194,0.6246524212107117,8255.11959798995,(o (MAX) ((. (VSM NT) (0 2)) (x (PCA GLOBAL) ((. (LSI NT) (0 1)) (. (LSI NT) (1 2)))))),0
Drone,HYBRID,none,VSM,LSI,GLOBAL,SUM,PCA,0.3724638706333476,0.6596704484309023,7500.863316582914,(o (PCA) ((. (VSM NT) (0 2)) (x (SUM GLOBAL) ((. (LSI NT) (0 1)) (. (LSI NT) (1 2)))))),0
Drone,HYBRID,none,VSM,LSI,GLOBAL,SUM,SUM,0.3988695362822392,0.6805516238178186,7040.642211055277,(o (SUM) ((. (VSM NT) (0 2)) (x (SUM GLOBAL) ((. (LSI NT) (0 1)) (. (LSI NT) (1 2)))))),0
Drone,HYBRID,none,VSM,LSI,GLOBAL,SUM,MAX,0.3927869888173441,0.6727759107090201,7219.788609715243,(o (MAX) ((. (VSM NT) (0 2)) (x (SUM GLOBAL) ((. (LSI NT) (0 1)) (. (LSI NT) (1 2)))))),0
Drone,HYBRID,none,VSM,LSI,INDEPENDENT,SUM,SUM,0.3941470754110688,0.6721517296099372,7225.775879396985,(o (SUM) ((. (VSM NT) (0 2)) (x (SUM INDEPENDENT) ((. (LSI NT) (0 1)) (. (LSI NT) (1 2)))))),0
Drone,HYBRID,none,VSM,LSI,INDEPENDENT,MAX,PCA,0.3565055692097402,0.6406158286897282,7920.827135678392,(o (PCA) ((. (VSM NT) (0 2)) (x (MAX INDEPENDENT) ((. (LSI NT) (0 1)) (. (LSI NT) (1 2)))))),0
Drone,HYBRID,none,VSM,LSI,INDEPENDENT,SUM,MAX,0.3872030031314928,0.6631333087093056,7434.462981574539,(o (MAX) ((. (VSM NT) (0 2)) (x (SUM INDEPENDENT) ((. (LSI NT) (0 1)) (. (LSI NT) (1 2)))))),0
Drone,HYBRID,none,VSM,LSI,INDEPENDENT,SUM,PCA,0.3700218745668507,0.6545334506774647,7614.082747068676,(o (PCA) ((. (VSM NT) (0 2)) (x (SUM INDEPENDENT) ((. (LSI NT) (0 1)) (. (LSI NT) (1 2)))))),0
Drone,HYBRID,none,LSI,VSM,INDEPENDENT,SUM,SUM,0.363855446708916,0.6445754483245022,7833.557118927973,(o (SUM) ((. (LSI NT) (0 2)) (x (SUM INDEPENDENT) ((. (VSM NT) (0 1)) (. (VSM NT) (1 2)))))),0
Drone,HYBRID,none,VSM,LSI,INDEPENDENT,PCA,MAX,0.358963596070453,0.6188404667013228,8396.580234505862,(o (MAX) ((. (VSM NT) (0 2)) (x (PCA INDEPENDENT) ((. (LSI NT) (0 1)) (. (LSI NT) (1 2)))))),0
Drone,HYBRID,none,VSM,LSI,INDEPENDENT,MAX,SUM,0.3687201658737334,0.659314661632421,7508.70485762144,(o (SUM) ((. (VSM NT) (0 2)) (x (MAX INDEPENDENT) ((. (LSI NT) (0 1)) (. (LSI NT) (1 2)))))),0
Drone,HYBRID,none,VSM,LSI,GLOBAL,MAX,SUM,0.3704417720835771,0.6597815301553137,7498.415075376884,(o (SUM) ((. (VSM NT) (0 2)) (x (MAX GLOBAL) ((. (LSI NT) (0 1)) (. (LSI NT) (1 2)))))),0
Drone,HYBRID,none,VSM,VSM,INDEPENDENT,SUM,MAX,0.3725245683774952,0.6585303407539818,7480.927638190955,(o (MAX) ((. (VSM NT) (0 2)) (x (SUM INDEPENDENT) ((. (VSM NT) (0 1)) (. (VSM NT) (1 2)))))),0
Drone,HYBRID,none,VSM,VSM,INDEPENDENT,PCA,PCA,0.3551710434529994,0.6324375203300228,8101.071356783919,(o (PCA) ((. (VSM NT) (0 2)) (x (PCA INDEPENDENT) ((. (VSM NT) (0 1)) (. (VSM NT) (1 2)))))),0
Drone,HYBRID,none,VSM,VSM,GLOBAL,MAX,PCA,0.3599157276475478,0.6408687569730078,7915.253936348408,(o (PCA) ((. (VSM NT) (0 2)) (x (MAX GLOBAL) ((. (VSM NT) (0 1)) (. (VSM NT) (1 2)))))),0
Drone,HYBRID,none,VSM,VSM,GLOBAL,SUM,MAX,0.3725245683774952,0.6585303407539818,7480.927638190955,(o (MAX) ((. (VSM NT) (0 2)) (x (SUM GLOBAL) ((. (VSM NT) (0 1)) (. (VSM NT) (1 2)))))),0
Drone,HYBRID,none,VSM,VSM,GLOBAL,SUM,SUM,0.3745475323409939,0.6618733716981763,7452.317252931323,(o (SUM) ((. (VSM NT) (0 2)) (x (SUM GLOBAL) ((. (VSM NT) (0 1)) (. (VSM NT) (1 2)))))),0
Drone,HYBRID,none,VSM,LSI,GLOBAL,PCA,PCA,0.3643342294728952,0.6346548532134356,8052.207035175879,(o (PCA) ((. (VSM NT) (0 2)) (x (PCA GLOBAL) ((. (LSI NT) (0 1)) (. (LSI NT) (1 2)))))),0
Drone,HYBRID,none,LSI,VSM,INDEPENDENT,MAX,PCA,0.3476132815020184,0.6161806309223066,8459.378894472362,(o (PCA) ((. (LSI NT) (0 2)) (x (MAX INDEPENDENT) ((. (VSM NT) (0 1)) (. (VSM NT) (1 2)))))),0
Drone,HYBRID,none,VSM,LSI,GLOBAL,MAX,PCA,0.3574949867090504,0.6410498651758489,7911.260971524288,(o (PCA) ((. (VSM NT) (0 2)) (x (MAX GLOBAL) ((. (LSI NT) (0 1)) (. (LSI NT) (1 2)))))),0
Drone,HYBRID,none,LSI,LSI,GLOBAL,PCA,SUM,0.3617735714923336,0.6289131379827145,8178.754438860971,(o (SUM) ((. (LSI NT) (0 2)) (x (PCA GLOBAL) ((. (LSI NT) (0 1)) (. (LSI NT) (1 2)))))),0
Drone,HYBRID,none,VSM,LSI,INDEPENDENT,PCA,SUM,0.3685357276915865,0.6301571985760624,8151.335343383585,(o (SUM) ((. (VSM NT) (0 2)) (x (PCA INDEPENDENT) ((. (LSI NT) (0 1)) (. (LSI NT) (1 2)))))),0
Drone,HYBRID,none,LSI,LSI,INDEPENDENT,MAX,MAX,0.3541456294231805,0.6387696194219739,7961.517587939698,(o (MAX) ((. (LSI NT) (0 2)) (x (MAX INDEPENDENT) ((. (LSI NT) (0 1)) (. (LSI NT) (1 2)))))),0
Drone,HYBRID,none,LSI,LSI,GLOBAL,SUM,MAX,0.383480929571861,0.6632423460314275,7422.138693467336,(o (MAX) ((. (LSI NT) (0 2)) (x (SUM GLOBAL) ((. (LSI NT) (0 1)) (. (LSI NT) (1 2)))))),0
Drone,TRANSITIVE,none,,VSM,GLOBAL,MAX,,0.3759154461752884,0.6713395319002757,7243.676716917923,(x (MAX GLOBAL) ((. (VSM NT) (0 1)) (. (VSM NT) (1 2)))),0
Drone,HYBRID,none,LSI,LSI,INDEPENDENT,MAX,SUM,0.3615440514555937,0.649244391953719,7730.653601340034,(o (SUM) ((. (LSI NT) (0 2)) (x (MAX INDEPENDENT) ((. (LSI NT) (0 1)) (. (LSI NT) (1 2)))))),0
Drone,HYBRID,none,LSI,VSM,GLOBAL,MAX,SUM,0.3692924280987757,0.6515279817113395,7680.323283082077,(o (SUM) ((. (LSI NT) (0 2)) (x (MAX GLOBAL) ((. (VSM NT) (0 1)) (. (VSM NT) (1 2)))))),0
Drone,HYBRID,none,VSM,VSM,GLOBAL,SUM,PCA,0.3582689413616806,0.638009800970977,7978.259631490787,(o (PCA) ((. (VSM NT) (0 2)) (x (SUM GLOBAL) ((. (VSM NT) (0 1)) (. (VSM NT) (1 2)))))),0
Drone,HYBRID,none,VSM,VSM,GLOBAL,MAX,MAX,0.3714380114092208,0.6544922434313126,7592.589949748743,(o (MAX) ((. (VSM NT) (0 2)) (x (MAX GLOBAL) ((. (VSM NT) (0 1)) (. (VSM NT) (1 2)))))),0
Drone,HYBRID,none,LSI,LSI,INDEPENDENT,PCA,SUM,0.3587695790054578,0.6239716580482569,8287.664656616415,(o (SUM) ((. (LSI NT) (0 2)) (x (PCA INDEPENDENT) ((. (LSI NT) (0 1)) (. (LSI NT) (1 2)))))),0
Drone,HYBRID,none,LSI,LSI,GLOBAL,MAX,SUM,0.363259646523503,0.6496303051859419,7722.148073701843,(o (SUM) ((. (LSI NT) (0 2)) (x (MAX GLOBAL) ((. (LSI NT) (0 1)) (. (LSI NT) (1 2)))))),0
Drone,HYBRID,none,LSI,LSI,INDEPENDENT,PCA,PCA,0.350874367180808,0.6162850854392957,8457.076716917923,(o (PCA) ((. (LSI NT) (0 2)) (x (PCA INDEPENDENT) ((. (LSI NT) (0 1)) (. (LSI NT) (1 2)))))),0
Drone,HYBRID,none,LSI,LSI,GLOBAL,PCA,PCA,0.3528988563887933,0.6194251049561176,8387.87068676717,(o (PCA) ((. (LSI NT) (0 2)) (x (PCA GLOBAL) ((. (LSI NT) (0 1)) (. (LSI NT) (1 2)))))),0
Drone,DIRECT,direct,VSM,,,,,0.3409457049808863,0.6130744314433633,8494.24690117253,(. (VSM NT) (0 2)),0
Drone,HYBRID,none,LSI,LSI,INDEPENDENT,MAX,PCA,0.3439008271317548,0.614896183883726,8487.68810720268,(o (PCA) ((. (LSI NT) (0 2)) (x (MAX INDEPENDENT) ((. (LSI NT) (0 1)) (. (LSI NT) (1 2)))))),0
Drone,HYBRID,none,LSI,LSI,GLOBAL,MAX,PCA,0.3446173279618454,0.6151997738237467,8480.996984924623,(o (PCA) ((. (LSI NT) (0 2)) (x (MAX GLOBAL) ((. (LSI NT) (0 1)) (. (LSI NT) (1 2)))))),0
Drone,HYBRID,none,VSM,VSM,GLOBAL,PCA,MAX,0.3559515122007174,0.6393034288198403,7925.775209380235,(o (MAX) ((. (VSM NT) (0 2)) (x (PCA GLOBAL) ((. (VSM NT) (0 1)) (. (VSM NT) (1 2)))))),0
Drone,HYBRID,none,VSM,VSM,GLOBAL,PCA,SUM,0.3620584272009218,0.6435397191644856,7856.395979899497,(o (SUM) ((. (VSM NT) (0 2)) (x (PCA GLOBAL) ((. (VSM NT) (0 1)) (. (VSM NT) (1 2)))))),0
Drone,HYBRID,none,VSM,VSM,GLOBAL,PCA,PCA,0.3551710434529994,0.6324375203300228,8101.071356783919,(o (PCA) ((. (VSM NT) (0 2)) (x (PCA GLOBAL) ((. (VSM NT) (0 1)) (. (VSM NT) (1 2)))))),0
Drone,DIRECT,direct,LSI,,,,,0.3338011651669731,0.5935320583559054,8958.553433835847,(. (LSI NT) (0 2)),0
Drone,HYBRID,none,LSI,LSI,GLOBAL,MAX,MAX,0.3554820733924305,0.6370673695154538,7999.035175879397,(o (MAX) ((. (LSI NT) (0 2)) (x (MAX GLOBAL) ((. (LSI NT) (0 1)) (. (LSI NT) (1 2)))))),0
Drone,TRANSITIVE,none,,VSM,GLOBAL,PCA,,0.3622137152402616,0.6515445953299468,7679.954438860971,(x (PCA GLOBAL) ((. (VSM NT) (0 1)) (. (VSM NT) (1 2)))),0
Drone,HYBRID,none,LSI,VSM,GLOBAL,SUM,SUM,0.363855446708916,0.6445754483245022,7833.557118927973,(o (SUM) ((. (LSI NT) (0 2)) (x (SUM GLOBAL) ((. (VSM NT) (0 1)) (. (VSM NT) (1 2)))))),0
Drone,TRANSITIVE,none,,VSM,INDEPENDENT,PCA,,0.3622137152402616,0.6515445953299468,7679.954438860971,(x (PCA INDEPENDENT) ((. (VSM NT) (0 1)) (. (VSM NT) (1 2)))),0
Drone,TRANSITIVE,none,,LSI,GLOBAL,PCA,,0.3549025432266087,0.6152188802451459,8480.575879396985,(x (PCA GLOBAL) ((. (LSI NT) (0 1)) (. (LSI NT) (1 2)))),0
Drone,TRANSITIVE,none,,VSM,INDEPENDENT,SUM,,0.3836207642162316,0.6770235934664246,7118.402680067002,(x (SUM INDEPENDENT) ((. (VSM NT) (0 1)) (. (VSM NT) (1 2)))),0
Drone,HYBRID,none,LSI,VSM,GLOBAL,SUM,MAX,0.3618539019806365,0.6431956059790787,7863.968844221105,(o (MAX) ((. (LSI NT) (0 2)) (x (SUM GLOBAL) ((. (VSM NT) (0 1)) (. (VSM NT) (1 2)))))),0
Drone,TRANSITIVE,none,,LSI,INDEPENDENT,MAX,,0.3619298925011365,0.6621214511760253,7446.843216080402,(x (MAX INDEPENDENT) ((. (LSI NT) (0 1)) (. (LSI NT) (1 2)))),0
Drone,TRANSITIVE,none,,LSI,INDEPENDENT,SUM,,0.4198152619777687,0.6698585790416085,7276.316917922948,(x (SUM INDEPENDENT) ((. (LSI NT) (0 1)) (. (LSI NT) (1 2)))),0
Drone,TRANSITIVE,none,,VSM,INDEPENDENT,MAX,,0.3759154461752884,0.6713395319002757,7243.676716917923,(x (MAX INDEPENDENT) ((. (VSM NT) (0 1)) (. (VSM NT) (1 2)))),0
Drone,TRANSITIVE,none,,LSI,INDEPENDENT,PCA,,0.3569388954994989,0.6082656476575253,8633.82512562814,(x (PCA INDEPENDENT) ((. (LSI NT) (0 1)) (. (LSI NT) (1 2)))),0
Drone,HYBRID,none,LSI,VSM,INDEPENDENT,MAX,SUM,0.3692924280987757,0.6515279817113395,7680.323283082077,(o (SUM) ((. (LSI NT) (0 2)) (x (MAX INDEPENDENT) ((. (VSM NT) (0 1)) (. (VSM NT) (1 2)))))),0
Drone,HYBRID,none,LSI,VSM,INDEPENDENT,MAX,MAX,0.3614739951414993,0.6441484342462463,7842.96850921273,(o (MAX) ((. (LSI NT) (0 2)) (x (MAX INDEPENDENT) ((. (VSM NT) (0 1)) (. (VSM NT) (1 2)))))),0
Drone,HYBRID,none,LSI,VSM,GLOBAL,PCA,PCA,0.341713893618727,0.6053943948417222,8697.107537688442,(o (PCA) ((. (LSI NT) (0 2)) (x (PCA GLOBAL) ((. (VSM NT) (0 1)) (. (VSM NT) (1 2)))))),0
Drone,HYBRID,none,VSM,VSM,GLOBAL,MAX,SUM,0.3751897661826185,0.6633102749075079,7420.628140703518,(o (SUM) ((. (VSM NT) (0 2)) (x (MAX GLOBAL) ((. (VSM NT) (0 1)) (. (VSM NT) (1 2)))))),0
Drone,HYBRID,none,LSI,VSM,GLOBAL,PCA,MAX,0.3485269066006202,0.62258570529599,8318.211055276382,(o (MAX) ((. (LSI NT) (0 2)) (x (PCA GLOBAL) ((. (VSM NT) (0 1)) (. (VSM NT) (1 2)))))),0
Drone,TRANSITIVE,none,,VSM,GLOBAL,SUM,,0.3836207642162316,0.6770235934664246,7118.402680067002,(x (SUM GLOBAL) ((. (VSM NT) (0 1)) (. (VSM NT) (1 2)))),0
Drone,HYBRID,none,LSI,VSM,GLOBAL,SUM,PCA,0.3449297096053713,0.6098196365979931,8599.575209380235,(o (PCA) ((. (LSI NT) (0 2)) (x (SUM GLOBAL) ((. (VSM NT) (0 1)) (. (VSM NT) (1 2)))))),0
Drone,TRANSITIVE,none,,LSI,GLOBAL,MAX,,0.364548793472745,0.6628415063824872,7430.973199329983,(x (MAX GLOBAL) ((. (LSI NT) (0 1)) (. (LSI NT) (1 2)))),0
Drone,TRANSITIVE,none,,LSI,GLOBAL,SUM,,0.4242163966497266,0.6823258306049304,7001.538693467337,(x (SUM GLOBAL) ((. (LSI NT) (0 1)) (. (LSI NT) (1 2)))),0
TrainController,HYBRID,none,LSI,VSM,INDEPENDENT,SUM,MAX,0.5419961265242592,0.6124066381189445,38851.19581487135,(o (MAX) ((. (LSI NT) (0 2)) (x (SUM INDEPENDENT) ((. (VSM NT) (0 1)) (. (VSM NT) (1 2)))))),0
TrainController,HYBRID,none,LSI,VSM,INDEPENDENT,PCA,SUM,0.5267486306614041,0.5817192837441139,41927.20415534125,(o (SUM) ((. (LSI NT) (0 2)) (x (PCA INDEPENDENT) ((. (VSM NT) (0 1)) (. (VSM NT) (1 2)))))),0
TrainController,HYBRID,none,LSI,VSM,INDEPENDENT,SUM,SUM,0.549835238869165,0.6220060656787035,37888.9779945638,(o (SUM) ((. (LSI NT) (0 2)) (x (SUM INDEPENDENT) ((. (VSM NT) (0 1)) (. (VSM NT) (1 2)))))),0
TrainController,HYBRID,none,LSI,VSM,INDEPENDENT,SUM,PCA,0.5295164177956878,0.584136115334943,41684.948207171314,(o (PCA) ((. (LSI NT) (0 2)) (x (SUM INDEPENDENT) ((. (VSM NT) (0 1)) (. (VSM NT) (1 2)))))),0
TrainController,HYBRID,none,LSI,VSM,INDEPENDENT,PCA,MAX,0.520388457186526,0.5700161202899049,43100.2941505008,(o (MAX) ((. (LSI NT) (0 2)) (x (PCA INDEPENDENT) ((. (VSM NT) (0 1)) (. (VSM NT) (1 2)))))),0
TrainController,HYBRID,none,LSI,VSM,INDEPENDENT,MAX,PCA,0.5187334109603945,0.5630426830809611,43799.2905760137,(o (PCA) ((. (LSI NT) (0 2)) (x (MAX INDEPENDENT) ((. (VSM NT) (0 1)) (. (VSM NT) (1 2)))))),0
TrainController,HYBRID,none,VSM,VSM,GLOBAL,MAX,MAX,0.5305055099556929,0.5921539591188245,40671.73478050415,(o (MAX) ((. (VSM NT) (0 2)) (x (MAX GLOBAL) ((. (VSM NT) (0 1)) (. (VSM NT) (1 2)))))),0
TrainController,HYBRID,none,LSI,VSM,INDEPENDENT,MAX,SUM,0.5344459370399919,0.5906756833941047,41029.44152362512,(o (SUM) ((. (LSI NT) (0 2)) (x (MAX INDEPENDENT) ((. (VSM NT) (0 1)) (. (VSM NT) (1 2)))))),0
TrainController,HYBRID,none,LSI,VSM,GLOBAL,SUM,MAX,0.5419961265242592,0.6124066381189445,38851.19581487135,(o (MAX) ((. (LSI NT) (0 2)) (x (SUM GLOBAL) ((. (VSM NT) (0 1)) (. (VSM NT) (1 2)))))),0
TrainController,HYBRID,none,LSI,VSM,GLOBAL,PCA,PCA,0.5172296049855708,0.5652077781897362,43582.26793759541,(o (PCA) ((. (LSI NT) (0 2)) (x (PCA GLOBAL) ((. (VSM NT) (0 1)) (. (VSM NT) (1 2)))))),0
TrainController,HYBRID,none,LSI,VSM,GLOBAL,MAX,SUM,0.5344459370399919,0.5906756833941047,41029.44152362512,(o (SUM) ((. (LSI NT) (0 2)) (x (MAX GLOBAL) ((. (VSM NT) (0 1)) (. (VSM NT) (1 2)))))),0
TrainController,HYBRID,none,LSI,LSI,INDEPENDENT,PCA,MAX,0.4900454187570011,0.520225498008191,48091.15675615296,(o (MAX) ((. (LSI NT) (0 2)) (x (PCA INDEPENDENT) ((. (LSI NT) (0 1)) (. (LSI NT) (1 2)))))),0
TrainController,HYBRID,none,LSI,VSM,GLOBAL,PCA,MAX,0.520388457186526,0.5700161202899049,43100.2941505008,(o (MAX) ((. (LSI NT) (0 2)) (x (PCA GLOBAL) ((. (VSM NT) (0 1)) (. (VSM NT) (1 2)))))),0
TrainController,HYBRID,none,LSI,LSI,INDEPENDENT,PCA,SUM,0.4932371924387716,0.5283831758914564,47273.45559816808,(o (SUM) ((. (LSI NT) (0 2)) (x (PCA INDEPENDENT) ((. (LSI NT) (0 1)) (. (LSI NT) (1 2)))))),0
TrainController,HYBRID,none,LSI,LSI,INDEPENDENT,PCA,PCA,0.4971126563668778,0.5312803491336361,46983.051643891726,(o (PCA) ((. (LSI NT) (0 2)) (x (PCA INDEPENDENT) ((. (LSI NT) (0 1)) (. (LSI NT) (1 2)))))),0
TrainController,HYBRID,none,LSI,LSI,INDEPENDENT,MAX,PCA,0.5124588294999405,0.5534151963930082,44764.32095915404,(o (PCA) ((. (LSI NT) (0 2)) (x (MAX INDEPENDENT) ((. (LSI NT) (0 1)) (. (LSI NT) (1 2)))))),0
TrainController,HYBRID,none,LSI,LSI,GLOBAL,MAX,PCA,0.515911751077304,0.5564887687863125,44456.2352831664,(o (PCA) ((. (LSI NT) (0 2)) (x (MAX GLOBAL) ((. (LSI NT) (0 1)) (. (LSI NT) (1 2)))))),0
TrainController,HYBRID,none,LSI,LSI,GLOBAL,MAX,SUM,0.528295317622957,0.5754447501366134,42556.14458055628,(o (SUM) ((. (LSI NT) (0 2)) (x (MAX GLOBAL) ((. (LSI NT) (0 1)) (. (LSI NT) (1 2)))))),0
TrainController,HYBRID,none,LSI,LSI,GLOBAL,MAX,MAX,0.5224662626947667,0.5661247939007406,43490.349033771454,(o (MAX) ((. (LSI NT) (0 2)) (x (MAX GLOBAL) ((. (LSI NT) (0 1)) (. (LSI NT) (1 2)))))),0
TrainController,HYBRID,none,LSI,VSM,GLOBAL,SUM,SUM,0.549835238869165,0.6220060656787035,37888.9779945638,(o (SUM) ((. (LSI NT) (0 2)) (x (SUM GLOBAL) ((. (VSM NT) (0 1)) (. (VSM NT) (1 2)))))),0
TrainController,HYBRID,none,LSI,VSM,GLOBAL,SUM,PCA,0.5295164177956878,0.584136115334943,41684.948207171314,(o (PCA) ((. (LSI NT) (0 2)) (x (SUM GLOBAL) ((. (VSM NT) (0 1)) (. (VSM NT) (1 2)))))),0
TrainController,HYBRID,none,VSM,VSM,GLOBAL,MAX,SUM,0.5378844412556861,0.6000033233222963,40094.46688014298,(o (SUM) ((. (VSM NT) (0 2)) (x (MAX GLOBAL) ((. (VSM NT) (0 1)) (. (VSM NT) (1 2)))))),0
TrainController,HYBRID,none,LSI,VSM,INDEPENDENT,PCA,PCA,0.5172296049855708,0.5652077781897362,43582.26793759541,(o (PCA) ((. (LSI NT) (0 2)) (x (PCA INDEPENDENT) ((. (VSM NT) (0 1)) (. (VSM NT) (1 2)))))),0
TrainController,HYBRID,none,LSI,VSM,INDEPENDENT,MAX,MAX,0.5241908528468442,0.5829402233822422,41804.8208288342,(o (MAX) ((. (LSI NT) (0 2)) (x (MAX INDEPENDENT) ((. (VSM NT) (0 1)) (. (VSM NT) (1 2)))))),0
TrainController,DIRECT,direct,LSI,,,,,0.5034709303270136,0.5364753490440191,46462.32043787467,(. (LSI NT) (0 2)),0
TrainController,HYBRID,none,LSI,LSI,INDEPENDENT,SUM,PCA,0.5427580327911822,0.6055685594489832,39536.62430651227,(o (PCA) ((. (LSI NT) (0 2)) (x (SUM INDEPENDENT) ((. (LSI NT) (0 1)) (. (LSI NT) (1 2)))))),0
TrainController,HYBRID,none,LSI,LSI,INDEPENDENT,SUM,SUM,0.5548887300148267,0.6242695309937245,37662.09502178203,(o (SUM) ((. (LSI NT) (0 2)) (x (SUM INDEPENDENT) ((. (LSI NT) (0 1)) (. (LSI NT) (1 2)))))),0
TrainController,TRANSITIVE,none,,VSM,INDEPENDENT,SUM,,0.5137598081492438,0.6616436058865024,33915.829876754666,(x (SUM INDEPENDENT) ((. (VSM NT) (0 1)) (. (VSM NT) (1 2)))),0
TrainController,HYBRID,none,LSI,LSI,GLOBAL,SUM,PCA,0.5489599204021823,0.6103282845972207,39059.52373682839,(o (PCA) ((. (LSI NT) (0 2)) (x (SUM GLOBAL) ((. (LSI NT) (0 1)) (. (LSI NT) (1 2)))))),0
TrainController,TRANSITIVE,none,,LSI,GLOBAL,MAX,,0.508774096263923,0.5863183456162092,41466.20799046804,(x (MAX GLOBAL) ((. (LSI NT) (0 1)) (. (LSI NT) (1 2)))),0
TrainController,TRANSITIVE,none,,LSI,INDEPENDENT,PCA,,0.342067906622864,0.5011872823912448,49999.4903749488,(x (PCA INDEPENDENT) ((. (LSI NT) (0 1)) (. (LSI NT) (1 2)))),0
TrainController,TRANSITIVE,none,,LSI,INDEPENDENT,SUM,,0.4835843999373582,0.6501016101538872,35072.764903004805,(x (SUM INDEPENDENT) ((. (LSI NT) (0 1)) (. (LSI NT) (1 2)))),0
TrainController,TRANSITIVE,none,,LSI,INDEPENDENT,MAX,,0.4968349779012933,0.5747844005804096,42622.33603902149,(x (MAX INDEPENDENT) ((. (LSI NT) (0 1)) (. (LSI NT) (1 2)))),0
TrainController,TRANSITIVE,none,,LSI,GLOBAL,PCA,,0.3400488042432051,0.4916679030440196,50953.68440257661,(x (PCA GLOBAL) ((. (LSI NT) (0 1)) (. (LSI NT) (1 2)))),0
TrainController,TRANSITIVE,none,,LSI,GLOBAL,SUM,,0.4797621388384926,0.6550553164945758,34576.22024053319,(x (SUM GLOBAL) ((. (LSI NT) (0 1)) (. (LSI NT) (1 2)))),0
TrainController,TRANSITIVE,none,,VSM,INDEPENDENT,MAX,,0.5355889706188977,0.6145273873463363,38638.61827456529,(x (MAX INDEPENDENT) ((. (VSM NT) (0 1)) (. (VSM NT) (1 2)))),0
TrainController,TRANSITIVE,none,,VSM,INDEPENDENT,PCA,,0.447645058202776,0.5972785069813109,40367.59429571434,(x (PCA INDEPENDENT) ((. (VSM NT) (0 1)) (. (VSM NT) (1 2)))),0
TrainController,HYBRID,none,LSI,LSI,GLOBAL,SUM,SUM,0.5603995771385626,0.628501705379816,37237.8745578434,(o (SUM) ((. (LSI NT) (0 2)) (x (SUM GLOBAL) ((. (LSI NT) (0 1)) (. (LSI NT) (1 2)))))),0
TrainController,TRANSITIVE,none,,VSM,GLOBAL,PCA,,0.447645058202776,0.5972785069813109,40367.59429571434,(x (PCA GLOBAL) ((. (VSM NT) (0 1)) (. (VSM NT) (1 2)))),0
TrainController,HYBRID,none,LSI,VSM,GLOBAL,MAX,PCA,0.5187334109603945,0.5630426830809611,43799.2905760137,(o (PCA) ((. (LSI NT) (0 2)) (x (MAX GLOBAL) ((. (VSM NT) (0 1)) (. (VSM NT) (1 2)))))),0
TrainController,HYBRID,none,LSI,VSM,GLOBAL,PCA,SUM,0.5267486306614041,0.5817192837441139,41927.20415534125,(o (SUM) ((. (LSI NT) (0 2)) (x (PCA GLOBAL) ((. (VSM NT) (0 1)) (. (VSM NT) (1 2)))))),0
TrainController,HYBRID,none,VSM,LSI,GLOBAL,MAX,MAX,0.5320962628620514,0.5743196562487003,42939.547008228765,(o (MAX) ((. (VSM NT) (0 2)) (x (MAX GLOBAL) ((. (LSI NT) (0 1)) (. (LSI NT) (1 2)))))),0
TrainController,HYBRID,none,VSM,VSM,INDEPENDENT,PCA,SUM,0.5292303108982663,0.5882823861523477,41269.33845924713,(o (SUM) ((. (VSM NT) (0 2)) (x (PCA INDEPENDENT) ((. (VSM NT) (0 1)) (. (VSM NT) (1 2)))))),0
TrainController,HYBRID,none,VSM,VSM,INDEPENDENT,PCA,MAX,0.5221687121351226,0.5777875684729584,42110.71136016681,(o (MAX) ((. (VSM NT) (0 2)) (x (PCA INDEPENDENT) ((. (VSM NT) (0 1)) (. (VSM NT) (1 2)))))),0
TrainController,TRANSITIVE,none,,VSM,GLOBAL,SUM,,0.5137598081492438,0.6616436058865024,33915.829876754666,(x (SUM GLOBAL) ((. (VSM NT) (0 1)) (. (VSM NT) (1 2)))),0
TrainController,HYBRID,none,VSM,VSM,INDEPENDENT,SUM,PCA,0.5345087644412874,0.6143565051494451,38655.74699333507,(o (PCA) ((. (VSM NT) (0 2)) (x (SUM INDEPENDENT) ((. (VSM NT) (0 1)) (. (VSM NT) (1 2)))))),0
TrainController,TRANSITIVE,none,,VSM,GLOBAL,MAX,,0.5355889706188977,0.6145273873463363,38638.61827456529,(x (MAX GLOBAL) ((. (VSM NT) (0 1)) (. (VSM NT) (1 2)))),0
TrainController,HYBRID,none,VSM,VSM,INDEPENDENT,SUM,SUM,0.5534421029419813,0.6323462390671325,36852.51003462784,(o (SUM) ((. (VSM NT) (0 2)) (x (SUM INDEPENDENT) ((. (VSM NT) (0 1)) (. (VSM NT) (1 2)))))),0
TrainController,HYBRID,none,VSM,LSI,INDEPENDENT,PCA,PCA,0.4966866978514838,0.5343974709937077,46670.60070000372,(o (PCA) ((. (VSM NT) (0 2)) (x (PCA INDEPENDENT) ((. (LSI NT) (0 1)) (. (LSI NT) (1 2)))))),0
TrainController,HYBRID,none,VSM,VSM,INDEPENDENT,MAX,PCA,0.5318139856429952,0.5883462137319354,41262.94057415199,(o (PCA) ((. (VSM NT) (0 2)) (x (MAX INDEPENDENT) ((. (VSM NT) (0 1)) (. (VSM NT) (1 2)))))),0
TrainController,HYBRID,none,VSM,VSM,INDEPENDENT,MAX,SUM,0.5378844412556861,0.6000033233222963,40094.46688014298,(o (SUM) ((. (VSM NT) (0 2)) (x (MAX INDEPENDENT) ((. (VSM NT) (0 1)) (. (VSM NT) (1 2)))))),0
TrainController,HYBRID,none,VSM,VSM,INDEPENDENT,MAX,MAX,0.5305055099556929,0.5921539591188245,40671.73478050415,(o (MAX) ((. (VSM NT) (0 2)) (x (MAX INDEPENDENT) ((. (VSM NT) (0 1)) (. (VSM NT) (1 2)))))),0
TrainController,HYBRID,none,VSM,VSM,GLOBAL,PCA,PCA,0.5208590974098859,0.5825019999544149,41848.74703056931,(o (PCA) ((. (VSM NT) (0 2)) (x (PCA GLOBAL) ((. (VSM NT) (0 1)) (. (VSM NT) (1 2)))))),0
TrainController,DIRECT,direct,VSM,,,,,0.5029159998120842,0.5447327981026184,44853.564471087615,(. (VSM NT) (0 2)),0
TrainController,HYBRID,none,LSI,LSI,GLOBAL,PCA,MAX,0.4881723567760674,0.5161187165774452,48502.80820642663,(o (MAX) ((. (LSI NT) (0 2)) (x (PCA GLOBAL) ((. (LSI NT) (0 1)) (. (LSI NT) (1 2)))))),0
TrainController,HYBRID,none,LSI,LSI,GLOBAL,PCA,SUM,0.4862347716058883,0.5219864817912916,47914.6410246863,(o (SUM) ((. (LSI NT) (0 2)) (x (PCA GLOBAL) ((. (LSI NT) (0 1)) (. (LSI NT) (1 2)))))),0
TrainController,HYBRID,none,LSI,VSM,GLOBAL,MAX,MAX,0.5241908528468442,0.5829402233822422,41804.8208288342,(o (MAX) ((. (LSI NT) (0 2)) (x (MAX GLOBAL) ((. (VSM NT) (0 1)) (. (VSM NT) (1 2)))))),0
TrainController,HYBRID,none,LSI,LSI,INDEPENDENT,MAX,MAX,0.5175615032025287,0.5599356865332041,44110.726588971214,(o (MAX) ((. (LSI NT) (0 2)) (x (MAX INDEPENDENT) ((. (LSI NT) (0 1)) (. (LSI NT) (1 2)))))),0
TrainController,HYBRID,none,LSI,LSI,GLOBAL,PCA,PCA,0.4935478180437822,0.5257353157129752,47538.86915887851,(o (PCA) ((. (LSI NT) (0 2)) (x (PCA GLOBAL) ((. (LSI NT) (0 1)) (. (LSI NT) (1 2)))))),0
TrainController,HYBRID,none,VSM,VSM,GLOBAL,SUM,MAX,0.5442024968587228,0.6232817005021403,37885.57322113415,(o (MAX) ((. (VSM NT) (0 2)) (x (SUM GLOBAL) ((. (VSM NT) (0 1)) (. (VSM NT) (1 2)))))),0
TrainController,HYBRID,none,VSM,VSM,GLOBAL,MAX,PCA,0.5318139856429952,0.5883462137319354,41262.94057415199,(o (PCA) ((. (VSM NT) (0 2)) (x (MAX GLOBAL) ((. (VSM NT) (0 1)) (. (VSM NT) (1 2)))))),0
TrainController,HYBRID,none,VSM,VSM,INDEPENDENT,PCA,PCA,0.5208590974098859,0.5825019999544149,41848.74703056931,(o (PCA) ((. (VSM NT) (0 2)) (x (PCA INDEPENDENT) ((. (VSM NT) (0 1)) (. (VSM NT) (1 2)))))),0
TrainController,HYBRID,none,VSM,VSM,INDEPENDENT,SUM,MAX,0.5442024968587228,0.6232817005021403,37885.57322113415,(o (MAX) ((. (VSM NT) (0 2)) (x (SUM INDEPENDENT) ((. (VSM NT) (0 1)) (. (VSM NT) (1 2)))))),0
TrainController,HYBRID,none,VSM,LSI,GLOBAL,MAX,SUM,0.5321685011921187,0.5811215916620684,41987.11501656924,(o (SUM) ((. (VSM NT) (0 2)) (x (MAX GLOBAL) ((. (LSI NT) (0 1)) (. (LSI NT) (1 2)))))),0
TrainController,HYBRID,none,VSM,LSI,INDEPENDENT,MAX,SUM,0.5234330253748122,0.5727142738285086,42829.83933425178,(o (SUM) ((. (VSM NT) (0 2)) (x (MAX INDEPENDENT) ((. (LSI NT) (0 1)) (. (LSI NT) (1 2)))))),0
TrainController,HYBRID,none,VSM,LSI,INDEPENDENT,PCA,MAX,0.4969913698804855,0.5265532422529533,47733.70625907584,(o (MAX) ((. (VSM NT) (0 2)) (x (PCA INDEPENDENT) ((. (LSI NT) (0 1)) (. (LSI NT) (1 2)))))),0
TrainController,HYBRID,none,VSM,LSI,INDEPENDENT,SUM,PCA,0.5423515718209316,0.617086602566268,38382.09021856499,(o (PCA) ((. (VSM NT) (0 2)) (x (SUM INDEPENDENT) ((. (LSI NT) (0 1)) (. (LSI NT) (1 2)))))),0
TrainController,HYBRID,none,VSM,VSM,GLOBAL,SUM,SUM,0.5534421029419813,0.6323462390671325,36852.51003462784,(o (SUM) ((. (VSM NT) (0 2)) (x (SUM GLOBAL) ((. (VSM NT) (0 1)) (. (VSM NT) (1 2)))))),0
TrainController,HYBRID,none,VSM,LSI,INDEPENDENT,SUM,SUM,0.5579806078599955,0.6295331135692827,37134.48929515583,(o (SUM) ((. (VSM NT) (0 2)) (x (SUM INDEPENDENT) ((. (LSI NT) (0 1)) (. (LSI NT) (1 2)))))),0
TrainController,HYBRID,none,VSM,LSI,INDEPENDENT,MAX,PCA,0.5213337376544748,0.5697587427852957,43126.09289943032,(o (PCA) ((. (VSM NT) (0 2)) (x (MAX INDEPENDENT) ((. (LSI NT) (0 1)) (. (LSI NT) (1 2)))))),0
TrainController,HYBRID,none,LSI,LSI,INDEPENDENT,SUM,MAX,0.5438921084116415,0.6107637521481655,39015.87377592434,(o (MAX) ((. (LSI NT) (0 2)) (x (SUM INDEPENDENT) ((. (LSI NT) (0 1)) (. (LSI NT) (1 2)))))),0
TrainController,HYBRID,none,VSM,LSI,GLOBAL,MAX,PCA,0.5274663826920205,0.575643910995765,42536.18129351752,(o (PCA) ((. (VSM NT) (0 2)) (x (MAX GLOBAL) ((. (LSI NT) (0 1)) (. (LSI NT) (1 2)))))),0
TrainController,HYBRID,none,VSM,LSI,INDEPENDENT,MAX,MAX,0.5251949963701312,0.5676344401520192,42818.74062627993,(o (MAX) ((. (VSM NT) (0 2)) (x (MAX INDEPENDENT) ((. (LSI NT) (0 1)) (. (LSI NT) (1 2)))))),0
TrainController,HYBRID,none,LSI,LSI,GLOBAL,SUM,MAX,0.5487929342652781,0.6157625773827449,38514.806530885806,(o (MAX) ((. (LSI NT) (0 2)) (x (SUM GLOBAL) ((. (LSI NT) (0 1)) (. (LSI NT) (1 2)))))),0
TrainController,HYBRID,none,VSM,LSI,INDEPENDENT,PCA,SUM,0.4958288963931044,0.5312722289734191,46983.86558439141,(o (SUM) ((. (VSM NT) (0 2)) (x (PCA INDEPENDENT) ((. (LSI NT) (0 1)) (. (LSI NT) (1 2)))))),0
TrainController,HYBRID,none,LSI,LSI,INDEPENDENT,MAX,SUM,0.5195994155422913,0.5676763429275588,43334.82641397029,(o (SUM) ((. (LSI NT) (0 2)) (x (MAX INDEPENDENT) ((. (LSI NT) (0 1)) (. (LSI NT) (1 2)))))),0
TrainController,HYBRID,none,VSM,VSM,GLOBAL,PCA,SUM,0.5292303108982663,0.5882823861523477,41269.33845924713,(o (SUM) ((. (VSM NT) (0 2)) (x (PCA GLOBAL) ((. (VSM NT) (0 1)) (. (VSM NT) (1 2)))))),0
TrainController,HYBRID,none,VSM,VSM,GLOBAL,PCA,MAX,0.5221687121351226,0.5777875684729584,42110.71136016681,(o (MAX) ((. (VSM NT) (0 2)) (x (PCA GLOBAL) ((. (VSM NT) (0 1)) (. (VSM NT) (1 2)))))),0
TrainController,HYBRID,none,VSM,LSI,INDEPENDENT,SUM,MAX,0.5471203987037846,0.6182220037828958,38048.17544774174,(o (MAX) ((. (VSM NT) (0 2)) (x (SUM INDEPENDENT) ((. (LSI NT) (0 1)) (. (LSI NT) (1 2)))))),0
TrainController,HYBRID,none,VSM,VSM,GLOBAL,SUM,PCA,0.5345087644412874,0.6143565051494451,38655.74699333507,(o (PCA) ((. (VSM NT) (0 2)) (x (SUM GLOBAL) ((. (VSM NT) (0 1)) (. (VSM NT) (1 2)))))),0
TrainController,HYBRID,none,VSM,LSI,GLOBAL,SUM,MAX,0.5511692057542644,0.62311583972912,37531.32561343411,(o (MAX) ((. (VSM NT) (0 2)) (x (SUM GLOBAL) ((. (LSI NT) (0 1)) (. (LSI NT) (1 2)))))),0
TrainController,HYBRID,none,VSM,LSI,GLOBAL,SUM,SUM,0.562548588982239,0.6336952105269457,36717.29318241055,(o (SUM) ((. (VSM NT) (0 2)) (x (SUM GLOBAL) ((. (LSI NT) (0 1)) (. (LSI NT) (1 2)))))),0
TrainController,HYBRID,none,VSM,LSI,GLOBAL,SUM,PCA,0.5485892900076818,0.6210152508610816,37988.294299437766,(o (PCA) ((. (VSM NT) (0 2)) (x (SUM GLOBAL) ((. (LSI NT) (0 1)) (. (LSI NT) (1 2)))))),0
TrainController,HYBRID,none,VSM,LSI,GLOBAL,PCA,MAX,0.4941500376542148,0.521465597286934,47769.93212197937,(o (MAX) ((. (VSM NT) (0 2)) (x (PCA GLOBAL) ((. (LSI NT) (0 1)) (. (LSI NT) (1 2)))))),0
TrainController,HYBRID,none,VSM,LSI,GLOBAL,PCA,SUM,0.4917304034380443,0.5242845989428111,47684.28465576944,(o (SUM) ((. (VSM NT) (0 2)) (x (PCA GLOBAL) ((. (LSI NT) (0 1)) (. (LSI NT) (1 2)))))),0
TrainController,HYBRID,none,VSM,LSI,GLOBAL,PCA,PCA,0.4945668364375986,0.5279348765557661,47318.39177867968,(o (PCA) ((. (VSM NT) (0 2)) (x (PCA GLOBAL) ((. (LSI NT) (0 1)) (. (LSI NT) (1 2)))))),0
EasyClinic,HYBRID,none,VSM,LSI,GLOBAL,PCA,MAX,0.7098381182033034,0.7947135607198534,212.8820375335121,(o (MAX) ((. (VSM NT) (0 2)) (x (PCA GLOBAL) ((. (LSI NT) (0 1)) (. (LSI NT) (1 2)))))),0
EasyClinic,HYBRID,none,VSM,VSM,GLOBAL,PCA,SUM,0.6857857591179932,0.7772239471976545,231.01876675603216,(o (SUM) ((. (VSM NT) (0 2)) (x (PCA GLOBAL) ((. (VSM NT) (0 1)) (. (VSM NT) (1 2)))))),0
EasyClinic,HYBRID,none,VSM,LSI,GLOBAL,SUM,PCA,0.7095408083970158,0.7650161193998981,243.6782841823056,(o (PCA) ((. (VSM NT) (0 2)) (x (SUM GLOBAL) ((. (LSI NT) (0 1)) (. (LSI NT) (1 2)))))),0
EasyClinic,HYBRID,none,VSM,LSI,GLOBAL,SUM,SUM,0.6997968999030172,0.7589561557493387,249.96246648793564,(o (SUM) ((. (VSM NT) (0 2)) (x (SUM GLOBAL) ((. (LSI NT) (0 1)) (. (LSI NT) (1 2)))))),0
EasyClinic,HYBRID,none,VSM,LSI,INDEPENDENT,SUM,PCA,0.7096656215783306,0.7651376289099563,243.5522788203753,(o (PCA) ((. (VSM NT) (0 2)) (x (SUM INDEPENDENT) ((. (LSI NT) (0 1)) (. (LSI NT) (1 2)))))),0
EasyClinic,HYBRID,none,VSM,VSM,GLOBAL,PCA,PCA,0.7115037052195328,0.7781313905600038,230.07774798927613,(o (PCA) ((. (VSM NT) (0 2)) (x (PCA GLOBAL) ((. (VSM NT) (0 1)) (. (VSM NT) (1 2)))))),0
EasyClinic,HYBRID,none,LSI,LSI,INDEPENDENT,MAX,MAX,0.742233186464686,0.7858511224117828,222.07238605898124,(o (MAX) ((. (LSI NT) (0 2)) (x (MAX INDEPENDENT) ((. (LSI NT) (0 1)) (. (LSI NT) (1 2)))))),0
EasyClinic,HYBRID,none,LSI,LSI,INDEPENDENT,SUM,SUM,0.6869802462558969,0.7547576143805212,254.31635388739943,(o (SUM) ((. (LSI NT) (0 2)) (x (SUM INDEPENDENT) ((. (LSI NT) (0 1)) (. (LSI NT) (1 2)))))),0
EasyClinic,HYBRID,none,LSI,LSI,INDEPENDENT,SUM,MAX,0.6768421462804611,0.7607736277827618,248.07774798927613,(o (MAX) ((. (LSI NT) (0 2)) (x (SUM INDEPENDENT) ((. (LSI NT) (0 1)) (. (LSI NT) (1 2)))))),0
EasyClinic,HYBRID,none,LSI,LSI,INDEPENDENT,MAX,SUM,0.7545061016162714,0.7869343667674076,220.9490616621984,(o (SUM) ((. (LSI NT) (0 2)) (x (MAX INDEPENDENT) ((. (LSI NT) (0 1)) (. (LSI NT) (1 2)))))),0
EasyClinic,HYBRID,none,LSI,LSI,GLOBAL,SUM,MAX,0.6772838035316355,0.7606133386418339,248.24396782841825,(o (MAX) ((. (LSI NT) (0 2)) (x (SUM GLOBAL) ((. (LSI NT) (0 1)) (. (LSI NT) (1 2)))))),0
EasyClinic,HYBRID,none,LSI,LSI,GLOBAL,PCA,PCA,0.6839755102580226,0.7715776329430379,236.8739946380697,(o (PCA) ((. (LSI NT) (0 2)) (x (PCA GLOBAL) ((. (LSI NT) (0 1)) (. (LSI NT) (1 2)))))),0
EasyClinic,HYBRID,none,VSM,LSI,GLOBAL,PCA,SUM,0.6735906313883827,0.7741655269764038,234.1903485254692,(o (SUM) ((. (VSM NT) (0 2)) (x (PCA GLOBAL) ((. (LSI NT) (0 1)) (. (LSI NT) (1 2)))))),0
EasyClinic,HYBRID,none,VSM,VSM,INDEPENDENT,MAX,MAX,0.7529735908635418,0.7983691872564962,209.0911528150134,(o (MAX) ((. (VSM NT) (0 2)) (x (MAX INDEPENDENT) ((. (VSM NT) (0 1)) (. (VSM NT) (1 2)))))),0
EasyClinic,HYBRID,none,VSM,LSI,INDEPENDENT,MAX,MAX,0.7449541321308982,0.7887234004048594,219.09383378016085,(o (MAX) ((. (VSM NT) (0 2)) (x (MAX INDEPENDENT) ((. (LSI NT) (0 1)) (. (LSI NT) (1 2)))))),0
EasyClinic,HYBRID,none,VSM,VSM,GLOBAL,SUM,MAX,0.700303100597747,0.7706857014330366,237.79892761394103,(o (MAX) ((. (VSM NT) (0 2)) (x (SUM GLOBAL) ((. (VSM NT) (0 1)) (. (VSM NT) (1 2)))))),0
EasyClinic,HYBRID,none,VSM,LSI,INDEPENDENT,MAX,PCA,0.717429404508405,0.7665724752521322,242.0643431635389,(o (PCA) ((. (VSM NT) (0 2)) (x (MAX INDEPENDENT) ((. (LSI NT) (0 1)) (. (LSI NT) (1 2)))))),0
EasyClinic,HYBRID,none,LSI,LSI,GLOBAL,PCA,SUM,0.6598198035752516,0.767828935292308,240.76139410187668,(o (SUM) ((. (LSI NT) (0 2)) (x (PCA GLOBAL) ((. (LSI NT) (0 1)) (. (LSI NT) (1 2)))))),0
EasyClinic,HYBRID,none,VSM,VSM,GLOBAL,SUM,PCA,0.7117729604016166,0.7668232501984225,241.80428954423596,(o (PCA) ((. (VSM NT) (0 2)) (x (SUM GLOBAL) ((. (VSM NT) (0 1)) (. (VSM NT) (1 2)))))),0
EasyClinic,HYBRID,none,VSM,VSM,GLOBAL,SUM,SUM,0.7198402157787983,0.7686252103794975,239.93565683646116,(o (SUM) ((. (VSM NT) (0 2)) (x (SUM GLOBAL) ((. (VSM NT) (0 1)) (. (VSM NT) (1 2)))))),0
EasyClinic,HYBRID,none,VSM,VSM,GLOBAL,MAX,PCA,0.7201937588233143,0.7690698834801359,239.4745308310992,(o (PCA) ((. (VSM NT) (0 2)) (x (MAX GLOBAL) ((. (VSM NT) (0 1)) (. (VSM NT) (1 2)))))),0
EasyClinic,HYBRID,none,VSM,VSM,INDEPENDENT,PCA,PCA,0.7117325260404541,0.7782632413049604,229.94101876675603,(o (PCA) ((. (VSM NT) (0 2)) (x (PCA INDEPENDENT) ((. (VSM NT) (0 1)) (. (VSM NT) (1 2)))))),0
EasyClinic,HYBRID,none,VSM,VSM,INDEPENDENT,SUM,MAX,0.6978864539926923,0.7719783557953572,236.45844504021449,(o (MAX) ((. (VSM NT) (0 2)) (x (SUM INDEPENDENT) ((. (VSM NT) (0 1)) (. (VSM NT) (1 2)))))),0
EasyClinic,HYBRID,none,VSM,LSI,INDEPENDENT,PCA,SUM,0.6739047659852029,0.7742818658690128,234.0697050938338,(o (SUM) ((. (VSM NT) (0 2)) (x (PCA INDEPENDENT) ((. (LSI NT) (0 1)) (. (LSI NT) (1 2)))))),0
EasyClinic,HYBRID,none,VSM,LSI,GLOBAL,MAX,SUM,0.7630981956742745,0.7890879289350339,218.71581769437,(o (SUM) ((. (VSM NT) (0 2)) (x (MAX GLOBAL) ((. (LSI NT) (0 1)) (. (LSI NT) (1 2)))))),0
EasyClinic,HYBRID,none,VSM,LSI,GLOBAL,MAX,PCA,0.7178574678906207,0.7665673046346829,242.0697050938338,(o (PCA) ((. (VSM NT) (0 2)) (x (MAX GLOBAL) ((. (LSI NT) (0 1)) (. (LSI NT) (1 2)))))),0
EasyClinic,HYBRID,none,LSI,LSI,INDEPENDENT,SUM,PCA,0.69360939542266,0.7581986602930189,250.7479892761394,(o (PCA) ((. (LSI NT) (0 2)) (x (SUM INDEPENDENT) ((. (LSI NT) (0 1)) (. (LSI NT) (1 2)))))),0
EasyClinic,HYBRID,none,VSM,LSI,INDEPENDENT,PCA,PCA,0.7003475639291696,0.778410603902265,229.7882037533512,(o (PCA) ((. (VSM NT) (0 2)) (x (PCA INDEPENDENT) ((. (LSI NT) (0 1)) (. (LSI NT) (1 2)))))),0
EasyClinic,HYBRID,none,LSI,LSI,INDEPENDENT,PCA,SUM,0.6598391397925957,0.7679194210976703,240.66756032171585,(o (SUM) ((. (LSI NT) (0 2)) (x (PCA INDEPENDENT) ((. (LSI NT) (0 1)) (. (LSI NT) (1 2)))))),0
EasyClinic,HYBRID,none,VSM,LSI,INDEPENDENT,SUM,SUM,0.6998788907454763,0.7591784922996581,249.7319034852547,(o (SUM) ((. (VSM NT) (0 2)) (x (SUM INDEPENDENT) ((. (LSI NT) (0 1)) (. (LSI NT) (1 2)))))),0
EasyClinic,HYBRID,none,VSM,LSI,INDEPENDENT,SUM,MAX,0.6892958573844749,0.7660967784467982,242.55764075067023,(o (MAX) ((. (VSM NT) (0 2)) (x (SUM INDEPENDENT) ((. (LSI NT) (0 1)) (. (LSI NT) (1 2)))))),0
EasyClinic,HYBRID,none,VSM,LSI,INDEPENDENT,MAX,SUM,0.7633619960167121,0.7891422204182513,218.65951742627345,(o (SUM) ((. (VSM NT) (0 2)) (x (MAX INDEPENDENT) ((. (LSI NT) (0 1)) (. (LSI NT) (1 2)))))),0
EasyClinic,HYBRID,none,LSI,LSI,GLOBAL,PCA,MAX,0.6987887594241035,0.7861510182238411,221.76139410187668,(o (MAX) ((. (LSI NT) (0 2)) (x (PCA GLOBAL) ((. (LSI NT) (0 1)) (. (LSI NT) (1 2)))))),0
EasyClinic,HYBRID,none,LSI,LSI,INDEPENDENT,PCA,MAX,0.698980668463454,0.7861975537808847,221.71313672922253,(o (MAX) ((. (LSI NT) (0 2)) (x (PCA INDEPENDENT) ((. (LSI NT) (0 1)) (. (LSI NT) (1 2)))))),0
EasyClinic,HYBRID,none,VSM,LSI,INDEPENDENT,PCA,MAX,0.7101711020925994,0.7948040465252159,212.7882037533512,(o (MAX) ((. (VSM NT) (0 2)) (x (PCA INDEPENDENT) ((. (LSI NT) (0 1)) (. (LSI NT) (1 2)))))),0
EasyClinic,HYBRID,none,VSM,VSM,INDEPENDENT,SUM,PCA,0.7135187651310846,0.7672549967554375,241.3565683646113,(o (PCA) ((. (VSM NT) (0 2)) (x (SUM INDEPENDENT) ((. (VSM NT) (0 1)) (. (VSM NT) (1 2)))))),0
EasyClinic,HYBRID,none,VSM,VSM,INDEPENDENT,SUM,SUM,0.7230545237086787,0.7705926303189495,237.89544235924933,(o (SUM) ((. (VSM NT) (0 2)) (x (SUM INDEPENDENT) ((. (VSM NT) (0 1)) (. (VSM NT) (1 2)))))),0
EasyClinic,HYBRID,none,VSM,VSM,INDEPENDENT,MAX,PCA,0.7198588611377794,0.7689638858224255,239.5844504021448,(o (PCA) ((. (VSM NT) (0 2)) (x (MAX INDEPENDENT) ((. (VSM NT) (0 1)) (. (VSM NT) (1 2)))))),0
EasyClinic,HYBRID,none,VSM,VSM,INDEPENDENT,MAX,SUM,0.769960885865309,0.796562056457972,210.96514745308312,(o (SUM) ((. (VSM NT) (0 2)) (x (MAX INDEPENDENT) ((. (VSM NT) (0 1)) (. (VSM NT) (1 2)))))),0
EasyClinic,HYBRID,none,VSM,LSI,GLOBAL,SUM,MAX,0.6887444085166786,0.7659132215273488,242.7479892761394,(o (MAX) ((. (VSM NT) (0 2)) (x (SUM GLOBAL) ((. (LSI NT) (0 1)) (. (LSI NT) (1 2)))))),0
EasyClinic,HYBRID,none,VSM,VSM,GLOBAL,PCA,MAX,0.7133512966737215,0.7915491428408923,216.16353887399464,(o (MAX) ((. (VSM NT) (0 2)) (x (PCA GLOBAL) ((. (VSM NT) (0 1)) (. (VSM NT) (1 2)))))),0
EasyClinic,HYBRID,none,VSM,LSI,GLOBAL,PCA,PCA,0.7002662930428298,0.7783433858754243,229.85790884718497,(o (PCA) ((. (VSM NT) (0 2)) (x (PCA GLOBAL) ((. (LSI NT) (0 1)) (. (LSI NT) (1 2)))))),0
EasyClinic,HYBRID,none,LSI,LSI,GLOBAL,MAX,MAX,0.7423809227248764,0.7857063451232028,222.2225201072386,(o (MAX) ((. (LSI NT) (0 2)) (x (MAX GLOBAL) ((. (LSI NT) (0 1)) (. (LSI NT) (1 2)))))),0
EasyClinic,HYBRID,none,LSI,LSI,INDEPENDENT,MAX,PCA,0.7013645296119311,0.7608822107491966,247.96514745308312,(o (PCA) ((. (LSI NT) (0 2)) (x (MAX INDEPENDENT) ((. (LSI NT) (0 1)) (. (LSI NT) (1 2)))))),0
EasyClinic,HYBRID,none,LSI,VSM,INDEPENDENT,SUM,PCA,0.6995274078456518,0.761045085198849,247.7962466487936,(o (PCA) ((. (LSI NT) (0 2)) (x (SUM INDEPENDENT) ((. (VSM NT) (0 1)) (. (VSM NT) (1 2)))))),0
EasyClinic,HYBRID,none,LSI,VSM,INDEPENDENT,SUM,SUM,0.7095933946375165,0.7672343142856404,241.37801608579088,(o (SUM) ((. (LSI NT) (0 2)) (x (SUM INDEPENDENT) ((. (VSM NT) (0 1)) (. (VSM NT) (1 2)))))),0
EasyClinic,HYBRID,none,LSI,VSM,INDEPENDENT,SUM,MAX,0.6908614823462264,0.7687622317419035,239.7935656836461,(o (MAX) ((. (LSI NT) (0 2)) (x (SUM INDEPENDENT) ((. (VSM NT) (0 1)) (. (VSM NT) (1 2)))))),0
EasyClinic,HYBRID,none,LSI,VSM,INDEPENDENT,MAX,PCA,0.7064989037258728,0.7640854082590272,244.64343163538877,(o (PCA) ((. (LSI NT) (0 2)) (x (MAX INDEPENDENT) ((. (VSM NT) (0 1)) (. (VSM NT) (1 2)))))),0
EasyClinic,HYBRID,none,LSI,VSM,INDEPENDENT,MAX,SUM,0.7620642815995068,0.7950496508540567,212.5335120643432,(o (SUM) ((. (LSI NT) (0 2)) (x (MAX INDEPENDENT) ((. (VSM NT) (0 1)) (. (VSM NT) (1 2)))))),0
EasyClinic,HYBRID,none,LSI,VSM,INDEPENDENT,MAX,MAX,0.748631583439748,0.7956235893909271,211.93833780160855,(o (MAX) ((. (LSI NT) (0 2)) (x (MAX INDEPENDENT) ((. (VSM NT) (0 1)) (. (VSM NT) (1 2)))))),0
EasyClinic,HYBRID,none,LSI,VSM,GLOBAL,PCA,PCA,0.689581763201287,0.7715595357819653,236.89276139410188,(o (PCA) ((. (LSI NT) (0 2)) (x (PCA GLOBAL) ((. (VSM NT) (0 1)) (. (VSM NT) (1 2)))))),0
EasyClinic,HYBRID,none,VSM,VSM,GLOBAL,MAX,SUM,0.7696122113792473,0.7964793265787833,211.0509383378016,(o (SUM) ((. (VSM NT) (0 2)) (x (MAX GLOBAL) ((. (VSM NT) (0 1)) (. (VSM NT) (1 2)))))),0
EasyClinic,HYBRID,none,LSI,VSM,GLOBAL,SUM,PCA,0.6993661444771192,0.7607477746955151,248.10455764075067,(o (PCA) ((. (LSI NT) (0 2)) (x (SUM GLOBAL) ((. (VSM NT) (0 1)) (. (VSM NT) (1 2)))))),0
EasyClinic,HYBRID,none,LSI,VSM,GLOBAL,SUM,SUM,0.704209730303679,0.7654607925005364,243.2171581769437,(o (SUM) ((. (LSI NT) (0 2)) (x (SUM GLOBAL) ((. (VSM NT) (0 1)) (. (VSM NT) (1 2)))))),0
EasyClinic,HYBRID,none,LSI,VSM,INDEPENDENT,PCA,MAX,0.7033727913394816,0.7821670574791688,225.89276139410188,(o (MAX) ((. (LSI NT) (0 2)) (x (PCA INDEPENDENT) ((. (VSM NT) (0 1)) (. (VSM NT) (1 2)))))),0
EasyClinic,HYBRID,none,LSI,VSM,INDEPENDENT,PCA,SUM,0.6798677411277986,0.7716345097349799,236.81501340482572,(o (SUM) ((. (LSI NT) (0 2)) (x (PCA INDEPENDENT) ((. (VSM NT) (0 1)) (. (VSM NT) (1 2)))))),0
EasyClinic,HYBRID,none,VSM,VSM,GLOBAL,MAX,MAX,0.7534497588785158,0.7985785972631921,208.8739946380697,(o (MAX) ((. (VSM NT) (0 2)) (x (MAX GLOBAL) ((. (VSM NT) (0 1)) (. (VSM NT) (1 2)))))),0
EasyClinic,HYBRID,none,LSI,VSM,GLOBAL,MAX,SUM,0.7630528193295708,0.7949384825788972,212.64879356568363,(o (SUM) ((. (LSI NT) (0 2)) (x (MAX GLOBAL) ((. (VSM NT) (0 1)) (. (VSM NT) (1 2)))))),0
EasyClinic,HYBRID,none,LSI,VSM,INDEPENDENT,PCA,PCA,0.6922274576744932,0.7718387491242267,236.60321715817693,(o (PCA) ((. (LSI NT) (0 2)) (x (PCA INDEPENDENT) ((. (VSM NT) (0 1)) (. (VSM NT) (1 2)))))),0
EasyClinic,HYBRID,none,LSI,VSM,GLOBAL,SUM,MAX,0.6892739719640131,0.7672911910775825,241.3190348525469,(o (MAX) ((. (LSI NT) (0 2)) (x (SUM GLOBAL) ((. (VSM NT) (0 1)) (. (VSM NT) (1 2)))))),0
EasyClinic,HYBRID,none,LSI,VSM,GLOBAL,PCA,MAX,0.7031745875560212,0.7831443041770834,224.8793565683646,(o (MAX) ((. (LSI NT) (0 2)) (x (PCA GLOBAL) ((. (VSM NT) (0 1)) (. (VSM NT) (1 2)))))),0
EasyClinic,HYBRID,none,LSI,LSI,GLOBAL,MAX,SUM,0.7545076904185481,0.786887831210364,220.99731903485252,(o (SUM) ((. (LSI NT) (0 2)) (x (MAX GLOBAL) ((. (LSI NT) (0 1)) (. (LSI NT) (1 2)))))),0
EasyClinic,HYBRID,none,VSM,VSM,INDEPENDENT,PCA,MAX,0.719546700063093,0.790564140216804,217.18498659517425,(o (MAX) ((. (VSM NT) (0 2)) (x (PCA INDEPENDENT) ((. (VSM NT) (0 1)) (. (VSM NT) (1 2)))))),0
EasyClinic,HYBRID,none,VSM,VSM,INDEPENDENT,PCA,SUM,0.6937719741120124,0.7780590019157138,230.1528150134048,(o (SUM) ((. (VSM NT) (0 2)) (x (PCA INDEPENDENT) ((. (VSM NT) (0 1)) (. (VSM NT) (1 2)))))),0
EasyClinic,HYBRID,none,LSI,LSI,GLOBAL,MAX,PCA,0.7011405538832441,0.7608434311183271,248.0053619302949,(o (PCA) ((. (LSI NT) (0 2)) (x (MAX GLOBAL) ((. (LSI NT) (0 1)) (. (LSI NT) (1 2)))))),0
EasyClinic,HYBRID,none,LSI,VSM,GLOBAL,MAX,MAX,0.749154677034818,0.7956132481560285,211.9490616621984,(o (MAX) ((. (LSI NT) (0 2)) (x (MAX GLOBAL) ((. (VSM NT) (0 1)) (. (VSM NT) (1 2)))))),0
EasyClinic,DIRECT,direct,LSI,,,,,0.6863433289728993,0.7496412884144559,259.6219839142091,(. (LSI NT) (0 2)),0
EasyClinic,DIRECT,direct,VSM,,,,,0.705069831117277,0.7582632930111349,250.6809651474531,(. (VSM NT) (0 2)),0
EasyClinic,TRANSITIVE,none,,VSM,GLOBAL,MAX,,0.7796105153716636,0.7898505950088028,217.9249329758713,(x (MAX GLOBAL) ((. (VSM NT) (0 1)) (. (VSM NT) (1 2)))),0
EasyClinic,TRANSITIVE,none,,VSM,GLOBAL,SUM,,0.6321589124469604,0.7256935736981032,284.455764075067,(x (SUM GLOBAL) ((. (VSM NT) (0 1)) (. (VSM NT) (1 2)))),0
EasyClinic,TRANSITIVE,none,,VSM,INDEPENDENT,SUM,,0.6423732268488483,0.7305384422480811,279.43163538873995,(x (SUM INDEPENDENT) ((. (VSM NT) (0 1)) (. (VSM NT) (1 2)))),0
EasyClinic,TRANSITIVE,none,,VSM,INDEPENDENT,MAX,,0.7814249804343972,0.7904090216933255,217.34584450402144,(x (MAX INDEPENDENT) ((. (VSM NT) (0 1)) (. (VSM NT) (1 2)))),0
EasyClinic,TRANSITIVE,none,,LSI,GLOBAL,SUM,,0.5751299723725413,0.6989201165457173,312.21983914209113,(x (SUM GLOBAL) ((. (LSI NT) (0 1)) (. (LSI NT) (1 2)))),0
EasyClinic,TRANSITIVE,none,,LSI,GLOBAL,PCA,,0.432478502486072,0.6452465221134382,367.8793565683646,(x (PCA GLOBAL) ((. (LSI NT) (0 1)) (. (LSI NT) (1 2)))),0
EasyClinic,HYBRID,none,VSM,LSI,GLOBAL,MAX,MAX,0.7456264775706026,0.7887078885525116,219.1099195710456,(o (MAX) ((. (VSM NT) (0 2)) (x (MAX GLOBAL) ((. (LSI NT) (0 1)) (. (LSI NT) (1 2)))))),0
EasyClinic,TRANSITIVE,none,,LSI,INDEPENDENT,SUM,,0.5782095597900465,0.6996905385456605,311.42091152815016,(x (SUM INDEPENDENT) ((. (LSI NT) (0 1)) (. (LSI NT) (1 2)))),0
EasyClinic,TRANSITIVE,none,,LSI,INDEPENDENT,PCA,,0.4333701781443618,0.6458437284288303,367.2600536193029,(x (PCA INDEPENDENT) ((. (LSI NT) (0 1)) (. (LSI NT) (1 2)))),0
EasyClinic,TRANSITIVE,none,,LSI,GLOBAL,MAX,,0.7659909489677071,0.7782192910566416,229.98659517426276,(x (MAX GLOBAL) ((. (LSI NT) (0 1)) (. (LSI NT) (1 2)))),0
EasyClinic,TRANSITIVE,none,,VSM,GLOBAL,PCA,,0.4637162423281161,0.662079467219578,350.4235924932976,(x (PCA GLOBAL) ((. (VSM NT) (0 1)) (. (VSM NT) (1 2)))),0
EasyClinic,TRANSITIVE,none,,VSM,INDEPENDENT,PCA,,0.4753452318497563,0.6666942432930628,345.6380697050938,(x (PCA INDEPENDENT) ((. (VSM NT) (0 1)) (. (VSM NT) (1 2)))),0
EasyClinic,TRANSITIVE,none,,LSI,INDEPENDENT,MAX,,0.7668274435346079,0.7783614830364967,229.8391420911528,(x (MAX INDEPENDENT) ((. (LSI NT) (0 1)) (. (LSI NT) (1 2)))),0
EasyClinic,HYBRID,none,LSI,VSM,GLOBAL,PCA,SUM,0.6761230678875804,0.7707425782249787,237.73994638069703,(o (SUM) ((. (LSI NT) (0 2)) (x (PCA GLOBAL) ((. (VSM NT) (0 1)) (. (VSM NT) (1 2)))))),0
EasyClinic,HYBRID,none,LSI,VSM,GLOBAL,MAX,PCA,0.7061564571583187,0.7641965765341868,244.52815013404825,(o (PCA) ((. (LSI NT) (0 2)) (x (MAX GLOBAL) ((. (VSM NT) (0 1)) (. (VSM NT) (1 2)))))),0
EasyClinic,HYBRID,none,LSI,LSI,GLOBAL,SUM,PCA,0.692976861505728,0.758074565474236,250.8766756032172,(o (PCA) ((. (LSI NT) (0 2)) (x (SUM GLOBAL) ((. (LSI NT) (0 1)) (. (LSI NT) (1 2)))))),0
EasyClinic,HYBRID,none,LSI,LSI,INDEPENDENT,PCA,PCA,0.6843276365030512,0.7716034860302844,236.8471849865952,(o (PCA) ((. (LSI NT) (0 2)) (x (PCA INDEPENDENT) ((. (LSI NT) (0 1)) (. (LSI NT) (1 2)))))),0
EasyClinic,HYBRID,none,LSI,LSI,GLOBAL,SUM,SUM,0.686249571542731,0.7544525479510136,254.6327077747989,(o (SUM) ((. (LSI NT) (0 2)) (x (SUM GLOBAL) ((. (LSI NT) (0 1)) (. (LSI NT) (1 2)))))),0
EBT,TRANSITIVE,none,,LSI,INDEPENDENT,MAX,,0.7906781197816662,0.6859769377134866,302.7182320441989,(x (MAX INDEPENDENT) ((. (LSI NT) (0 1)) (. (LSI NT) (1 2)))),0
EBT,HYBRID,none,LSI,LSI,GLOBAL,SUM,PCA,0.800311193270587,0.6847046147497766,303.9447513812155,(o (PCA) ((. (LSI NT) (0 2)) (x (SUM GLOBAL) ((. (LSI NT) (0 1)) (. (LSI NT) (1 2)))))),0
EBT,HYBRID,none,LSI,LSI,GLOBAL,SUM,SUM,0.8345597953853262,0.6922229736441929,296.6970534069982,(o (SUM) ((. (LSI NT) (0 2)) (x (SUM GLOBAL) ((. (LSI NT) (0 1)) (. (LSI NT) (1 2)))))),0
EBT,HYBRID,none,LSI,VSM,GLOBAL,MAX,PCA,0.7787234895777277,0.6865309522172043,302.1841620626151,(o (PCA) ((. (LSI NT) (0 2)) (x (MAX GLOBAL) ((. (VSM NT) (0 1)) (. (VSM NT) (1 2)))))),0
EBT,HYBRID,none,LSI,VSM,GLOBAL,PCA,SUM,0.7920455219099407,0.6806927855849247,307.8121546961326,(o (SUM) ((. (LSI NT) (0 2)) (x (PCA GLOBAL) ((. (VSM NT) (0 1)) (. (VSM NT) (1 2)))))),0
EBT,HYBRID,none,VSM,LSI,GLOBAL,MAX,MAX,0.7833097808061746,0.6922850614765059,299.3195211786372,(o (MAX) ((. (VSM NT) (0 2)) (x (MAX GLOBAL) ((. (LSI NT) (0 1)) (. (LSI NT) (1 2)))))),0
EBT,HYBRID,none,LSI,LSI,GLOBAL,PCA,MAX,0.7920296965524606,0.6020341884260639,383.6390423572744,(o (MAX) ((. (LSI NT) (0 2)) (x (PCA GLOBAL) ((. (LSI NT) (0 1)) (. (LSI NT) (1 2)))))),0
EBT,HYBRID,none,VSM,VSM,INDEPENDENT,PCA,SUM,0.8151907493244751,0.7159481671671901,273.8259668508287,(o (SUM) ((. (VSM NT) (0 2)) (x (PCA INDEPENDENT) ((. (VSM NT) (0 1)) (. (VSM NT) (1 2)))))),0
EBT,HYBRID,none,VSM,VSM,INDEPENDENT,PCA,MAX,0.8047165459506883,0.7038830685526084,285.45672191528547,(o (MAX) ((. (VSM NT) (0 2)) (x (PCA INDEPENDENT) ((. (VSM NT) (0 1)) (. (VSM NT) (1 2)))))),0
EBT,TRANSITIVE,none,,VSM,GLOBAL,PCA,,0.834811846284134,0.6911607941129272,297.7209944751381,(x (PCA GLOBAL) ((. (VSM NT) (0 1)) (. (VSM NT) (1 2)))),0
EBT,TRANSITIVE,none,,VSM,INDEPENDENT,SUM,,0.8526471137412744,0.7329344428906566,257.451197053407,(x (SUM INDEPENDENT) ((. (VSM NT) (0 1)) (. (VSM NT) (1 2)))),0
EBT,DIRECT,direct,LSI,,,,,0.7550221736937751,0.6546751182534406,332.89318600368324,(. (LSI NT) (0 2)),0
EBT,DIRECT,direct,VSM,,,,,0.7546266612697343,0.6854816678511115,305.7817679558011,(. (VSM NT) (0 2)),0
EBT,HYBRID,none,LSI,VSM,GLOBAL,MAX,MAX,0.7886009642451016,0.7002791086861833,288.93093922651934,(o (MAX) ((. (LSI NT) (0 2)) (x (MAX GLOBAL) ((. (VSM NT) (0 1)) (. (VSM NT) (1 2)))))),0
EBT,HYBRID,none,LSI,LSI,GLOBAL,PCA,SUM,0.8036740629372149,0.616630560204183,369.5681399631676,(o (SUM) ((. (LSI NT) (0 2)) (x (PCA GLOBAL) ((. (LSI NT) (0 1)) (. (LSI NT) (1 2)))))),0
EBT,HYBRID,none,LSI,LSI,GLOBAL,PCA,PCA,0.7962458714654588,0.6230886499621742,363.3425414364641,(o (PCA) ((. (LSI NT) (0 2)) (x (PCA GLOBAL) ((. (LSI NT) (0 1)) (. (LSI NT) (1 2)))))),0
EBT,HYBRID,none,LSI,LSI,INDEPENDENT,MAX,MAX,0.7784424643612557,0.6914511741286689,297.4410681399632,(o (MAX) ((. (LSI NT) (0 2)) (x (MAX INDEPENDENT) ((. (LSI NT) (0 1)) (. (LSI NT) (1 2)))))),0
EBT,HYBRID,none,VSM,VSM,GLOBAL,SUM,PCA,0.8160254129963072,0.7353873898657376,255.0865561694291,(o (PCA) ((. (VSM NT) (0 2)) (x (SUM GLOBAL) ((. (VSM NT) (0 1)) (. (VSM NT) (1 2)))))),0
EBT,HYBRID,none,VSM,VSM,GLOBAL,PCA,MAX,0.8047165459506883,0.7038830685526084,285.45672191528547,(o (MAX) ((. (VSM NT) (0 2)) (x (PCA GLOBAL) ((. (VSM NT) (0 1)) (. (VSM NT) (1 2)))))),0
EBT,HYBRID,none,VSM,VSM,GLOBAL,PCA,PCA,0.807560487393066,0.720342075300123,269.5902394106814,(o (PCA) ((. (VSM NT) (0 2)) (x (PCA GLOBAL) ((. (VSM NT) (0 1)) (. (VSM NT) (1 2)))))),0
EBT,TRANSITIVE,none,,LSI,INDEPENDENT,SUM,,0.8613481412507494,0.7044972604937989,284.8646408839779,(x (SUM INDEPENDENT) ((. (LSI NT) (0 1)) (. (LSI NT) (1 2)))),0
EBT,TRANSITIVE,none,,LSI,INDEPENDENT,PCA,,0.8280179406932251,0.5818174350274714,403.1279926335175,(x (PCA INDEPENDENT) ((. (LSI NT) (0 1)) (. (LSI NT) (1 2)))),0
EBT,TRANSITIVE,none,,LSI,GLOBAL,MAX,,0.7910265477339533,0.6666150860059756,321.3830570902394,(x (MAX GLOBAL) ((. (LSI NT) (0 1)) (. (LSI NT) (1 2)))),0
EBT,TRANSITIVE,none,,LSI,GLOBAL,PCA,,0.8312736835390374,0.5481199804375568,435.6123388581952,(x (PCA GLOBAL) ((. (LSI NT) (0 1)) (. (LSI NT) (1 2)))),0
EBT,TRANSITIVE,none,,VSM,GLOBAL,MAX,,0.8102433538406537,0.7070199368805544,282.43278084714547,(x (MAX GLOBAL) ((. (VSM NT) (0 1)) (. (VSM NT) (1 2)))),0
EBT,HYBRID,none,VSM,VSM,INDEPENDENT,SUM,PCA,0.8160254129963072,0.7353873898657376,255.0865561694291,(o (PCA) ((. (VSM NT) (0 2)) (x (SUM INDEPENDENT) ((. (VSM NT) (0 1)) (. (VSM NT) (1 2)))))),0
EBT,TRANSITIVE,none,,VSM,INDEPENDENT,MAX,,0.8102433538406537,0.7070199368805544,282.43278084714547,(x (MAX INDEPENDENT) ((. (VSM NT) (0 1)) (. (VSM NT) (1 2)))),0
EBT,TRANSITIVE,none,,VSM,INDEPENDENT,PCA,,0.834811846284134,0.6911607941129272,297.7209944751381,(x (PCA INDEPENDENT) ((. (VSM NT) (0 1)) (. (VSM NT) (1 2)))),0
EBT,TRANSITIVE,none,,VSM,GLOBAL,SUM,,0.8526471137412744,0.7329344428906566,257.451197053407,(x (SUM GLOBAL) ((. (VSM NT) (0 1)) (. (VSM NT) (1 2)))),0
EBT,HYBRID,none,VSM,VSM,INDEPENDENT,SUM,SUM,0.8375710674923839,0.738847114921712,251.7513812154696,(o (SUM) ((. (VSM NT) (0 2)) (x (SUM INDEPENDENT) ((. (VSM NT) (0 1)) (. (VSM NT) (1 2)))))),0
EBT,HYBRID,none,VSM,VSM,INDEPENDENT,MAX,SUM,0.8123346610823249,0.7272892261372581,262.89318600368324,(o (SUM) ((. (VSM NT) (0 2)) (x (MAX INDEPENDENT) ((. (VSM NT) (0 1)) (. (VSM NT) (1 2)))))),0
EBT,HYBRID,none,LSI,LSI,GLOBAL,SUM,MAX,0.8099005555642507,0.6769531876848308,311.4171270718232,(o (MAX) ((. (LSI NT) (0 2)) (x (SUM GLOBAL) ((. (LSI NT) (0 1)) (. (LSI NT) (1 2)))))),0
EBT,HYBRID,none,VSM,VSM,GLOBAL,PCA,SUM,0.8151907493244751,0.7159481671671901,273.8259668508287,(o (SUM) ((. (VSM NT) (0 2)) (x (PCA GLOBAL) ((. (VSM NT) (0 1)) (. (VSM NT) (1 2)))))),0
EBT,TRANSITIVE,none,,LSI,GLOBAL,SUM,,0.8613481412507494,0.6748507981629643,313.4438305709024,(x (SUM GLOBAL) ((. (LSI NT) (0 1)) (. (LSI NT) (1 2)))),0
EBT,HYBRID,none,LSI,LSI,INDEPENDENT,PCA,SUM,0.8080278406621142,0.6371634839488626,349.7744014732965,(o (SUM) ((. (LSI NT) (0 2)) (x (PCA INDEPENDENT) ((. (LSI NT) (0 1)) (. (LSI NT) (1 2)))))),0
EBT,HYBRID,none,VSM,VSM,INDEPENDENT,MAX,PCA,0.8040758875592322,0.7297870673910883,260.4852670349908,(o (PCA) ((. (VSM NT) (0 2)) (x (MAX INDEPENDENT) ((. (VSM NT) (0 1)) (. (VSM NT) (1 2)))))),0
EBT,HYBRID,none,LSI,LSI,INDEPENDENT,SUM,SUM,0.836266183426475,0.7098712011798599,279.6841620626151,(o (SUM) ((. (LSI NT) (0 2)) (x (SUM INDEPENDENT) ((. (LSI NT) (0 1)) (. (LSI NT) (1 2)))))),0
EBT,HYBRID,none,LSI,VSM,INDEPENDENT,PCA,MAX,0.7925206715045159,0.6900441683287101,298.7974217311234,(o (MAX) ((. (LSI NT) (0 2)) (x (PCA INDEPENDENT) ((. (VSM NT) (0 1)) (. (VSM NT) (1 2)))))),0
EBT,HYBRID,none,LSI,VSM,INDEPENDENT,SUM,SUM,0.822622543496066,0.7179340226037918,271.9116022099448,(o (SUM) ((. (LSI NT) (0 2)) (x (SUM INDEPENDENT) ((. (VSM NT) (0 1)) (. (VSM NT) (1 2)))))),0
EBT,HYBRID,none,LSI,VSM,INDEPENDENT,SUM,MAX,0.8035470221107017,0.7046691960294353,284.6988950276243,(o (MAX) ((. (LSI NT) (0 2)) (x (SUM INDEPENDENT) ((. (VSM NT) (0 1)) (. (VSM NT) (1 2)))))),0
EBT,HYBRID,none,LSI,VSM,INDEPENDENT,MAX,PCA,0.7787234895777277,0.6865309522172043,302.1841620626151,(o (PCA) ((. (LSI NT) (0 2)) (x (MAX INDEPENDENT) ((. (VSM NT) (0 1)) (. (VSM NT) (1 2)))))),0
EBT,HYBRID,none,LSI,VSM,INDEPENDENT,MAX,SUM,0.8035534411164638,0.7105694504940281,279.0110497237569,(o (SUM) ((. (LSI NT) (0 2)) (x (MAX INDEPENDENT) ((. (VSM NT) (0 1)) (. (VSM NT) (1 2)))))),0
EBT,HYBRID,none,LSI,VSM,INDEPENDENT,MAX,MAX,0.7886009642451016,0.7002791086861833,288.93093922651934,(o (MAX) ((. (LSI NT) (0 2)) (x (MAX INDEPENDENT) ((. (VSM NT) (0 1)) (. (VSM NT) (1 2)))))),0
EBT,HYBRID,none,LSI,VSM,GLOBAL,PCA,PCA,0.7804184167768422,0.6730492958284617,315.1804788213628,(o (PCA) ((. (LSI NT) (0 2)) (x (PCA GLOBAL) ((. (VSM NT) (0 1)) (. (VSM NT) (1 2)))))),0
EBT,HYBRID,none,VSM,VSM,GLOBAL,MAX,SUM,0.8123346610823249,0.7272892261372581,262.89318600368324,(o (SUM) ((. (VSM NT) (0 2)) (x (MAX GLOBAL) ((. (VSM NT) (0 1)) (. (VSM NT) (1 2)))))),0
EBT,HYBRID,none,LSI,VSM,INDEPENDENT,PCA,SUM,0.7920455219099407,0.6806927855849247,307.8121546961326,(o (SUM) ((. (LSI NT) (0 2)) (x (PCA INDEPENDENT) ((. (VSM NT) (0 1)) (. (VSM NT) (1 2)))))),0
EBT,HYBRID,none,LSI,LSI,INDEPENDENT,SUM,PCA,0.7998840891761223,0.6926308429426193,296.30386740331494,(o (PCA) ((. (LSI NT) (0 2)) (x (SUM INDEPENDENT) ((. (LSI NT) (0 1)) (. (LSI NT) (1 2)))))),0
EBT,HYBRID,none,LSI,VSM,GLOBAL,PCA,MAX,0.7925206715045159,0.6900441683287101,298.7974217311234,(o (MAX) ((. (LSI NT) (0 2)) (x (PCA GLOBAL) ((. (VSM NT) (0 1)) (. (VSM NT) (1 2)))))),0
EBT,HYBRID,none,LSI,VSM,GLOBAL,SUM,MAX,0.8035470221107017,0.7046691960294353,284.6988950276243,(o (MAX) ((. (LSI NT) (0 2)) (x (SUM GLOBAL) ((. (VSM NT) (0 1)) (. (VSM NT) (1 2)))))),0
EBT,HYBRID,none,LSI,LSI,GLOBAL,MAX,MAX,0.7778812009739569,0.6795895325645904,308.8756906077348,(o (MAX) ((. (LSI NT) (0 2)) (x (MAX GLOBAL) ((. (LSI NT) (0 1)) (. (LSI NT) (1 2)))))),0
EBT,HYBRID,none,LSI,LSI,GLOBAL,MAX,SUM,0.7982681770637684,0.6863427783254243,302.365561694291,(o (SUM) ((. (LSI NT) (0 2)) (x (MAX GLOBAL) ((. (LSI NT) (0 1)) (. (LSI NT) (1 2)))))),0
EBT,HYBRID,none,LSI,LSI,GLOBAL,MAX,PCA,0.7796196672698712,0.6776495266041584,310.74585635359114,(o (PCA) ((. (LSI NT) (0 2)) (x (MAX GLOBAL) ((. (LSI NT) (0 1)) (. (LSI NT) (1 2)))))),0
EBT,HYBRID,none,LSI,LSI,INDEPENDENT,MAX,PCA,0.7799238947603008,0.6831753436800317,305.41896869244937,(o (PCA) ((. (LSI NT) (0 2)) (x (MAX INDEPENDENT) ((. (LSI NT) (0 1)) (. (LSI NT) (1 2)))))),0
EBT,HYBRID,none,VSM,VSM,GLOBAL,MAX,MAX,0.7946886428248343,0.7156195792546403,276.9806629834254,(o (MAX) ((. (VSM NT) (0 2)) (x (MAX GLOBAL) ((. (VSM NT) (0 1)) (. (VSM NT) (1 2)))))),0
EBT,HYBRID,none,LSI,VSM,GLOBAL,MAX,SUM,0.8035534411164638,0.7105694504940281,279.0110497237569,(o (SUM) ((. (LSI NT) (0 2)) (x (MAX GLOBAL) ((. (VSM NT) (0 1)) (. (VSM NT) (1 2)))))),0
EBT,HYBRID,none,LSI,VSM,INDEPENDENT,PCA,PCA,0.7804184167768422,0.6730492958284617,315.1804788213628,(o (PCA) ((. (LSI NT) (0 2)) (x (PCA INDEPENDENT) ((. (VSM NT) (0 1)) (. (VSM NT) (1 2)))))),0
EBT,HYBRID,none,LSI,VSM,GLOBAL,SUM,PCA,0.7860829499410835,0.6877383217563405,301.02025782688764,(o (PCA) ((. (LSI NT) (0 2)) (x (SUM GLOBAL) ((. (VSM NT) (0 1)) (. (VSM NT) (1 2)))))),0
EBT,HYBRID,none,LSI,LSI,INDEPENDENT,PCA,MAX,0.7962344597139989,0.6212298357824595,365.134438305709,(o (MAX) ((. (LSI NT) (0 2)) (x (PCA INDEPENDENT) ((. (LSI NT) (0 1)) (. (LSI NT) (1 2)))))),0
EBT,HYBRID,none,LSI,VSM,GLOBAL,SUM,SUM,0.822622543496066,0.7179340226037918,271.9116022099448,(o (SUM) ((. (LSI NT) (0 2)) (x (SUM GLOBAL) ((. (VSM NT) (0 1)) (. (VSM NT) (1 2)))))),0
EBT,HYBRID,none,VSM,LSI,INDEPENDENT,PCA,PCA,0.823222748144891,0.6659531341937752,322.0211786372008,(o (PCA) ((. (VSM NT) (0 2)) (x (PCA INDEPENDENT) ((. (LSI NT) (0 1)) (. (LSI NT) (1 2)))))),0
EBT,HYBRID,none,LSI,VSM,INDEPENDENT,SUM,PCA,0.7860829499410835,0.6877383217563405,301.02025782688764,(o (PCA) ((. (LSI NT) (0 2)) (x (SUM INDEPENDENT) ((. (VSM NT) (0 1)) (. (VSM NT) (1 2)))))),0
EBT,HYBRID,none,VSM,LSI,INDEPENDENT,MAX,SUM,0.8061453171645403,0.7122735226916699,277.36832412523023,(o (SUM) ((. (VSM NT) (0 2)) (x (MAX INDEPENDENT) ((. (LSI NT) (0 1)) (. (LSI NT) (1 2)))))),0
EBT,HYBRID,none,VSM,VSM,INDEPENDENT,MAX,MAX,0.7946886428248343,0.7156195792546403,276.9806629834254,(o (MAX) ((. (VSM NT) (0 2)) (x (MAX INDEPENDENT) ((. (VSM NT) (0 1)) (. (VSM NT) (1 2)))))),0
EBT,HYBRID,none,LSI,LSI,INDEPENDENT,MAX,SUM,0.7992817641709008,0.6981041241603815,291.02762430939225,(o (SUM) ((. (LSI NT) (0 2)) (x (MAX INDEPENDENT) ((. (LSI NT) (0 1)) (. (LSI NT) (1 2)))))),0
EBT,HYBRID,none,VSM,LSI,INDEPENDENT,SUM,PCA,0.8259650460859375,0.7255679603860525,264.5524861878453,(o (PCA) ((. (VSM NT) (0 2)) (x (SUM INDEPENDENT) ((. (LSI NT) (0 1)) (. (LSI NT) (1 2)))))),0
EBT,HYBRID,none,VSM,LSI,INDEPENDENT,SUM,SUM,0.848369940856521,0.7228341853694321,267.1878453038674,(o (SUM) ((. (VSM NT) (0 2)) (x (SUM INDEPENDENT) ((. (LSI NT) (0 1)) (. (LSI NT) (1 2)))))),0
EBT,HYBRID,none,VSM,LSI,INDEPENDENT,SUM,MAX,0.8229293798055979,0.7108163690271506,279.5257826887661,(o (MAX) ((. (VSM NT) (0 2)) (x (SUM INDEPENDENT) ((. (LSI NT) (0 1)) (. (LSI NT) (1 2)))))),0
EBT,HYBRID,none,VSM,LSI,INDEPENDENT,MAX,PCA,0.8008287743476641,0.7196247220375507,270.2817679558011,(o (PCA) ((. (VSM NT) (0 2)) (x (MAX INDEPENDENT) ((. (LSI NT) (0 1)) (. (LSI NT) (1 2)))))),0
EBT,HYBRID,none,VSM,LSI,INDEPENDENT,MAX,MAX,0.7830719624163511,0.7060169795893414,285.97605893186005,(o (MAX) ((. (VSM NT) (0 2)) (x (MAX INDEPENDENT) ((. (LSI NT) (0 1)) (. (LSI NT) (1 2)))))),0
EBT,HYBRID,none,VSM,LSI,GLOBAL,PCA,SUM,0.8251916992672723,0.6332786960408977,353.5193370165746,(o (SUM) ((. (VSM NT) (0 2)) (x (PCA GLOBAL) ((. (LSI NT) (0 1)) (. (LSI NT) (1 2)))))),0
EBT,HYBRID,none,LSI,LSI,INDEPENDENT,PCA,PCA,0.798411663438117,0.6439310576709995,343.25046040515656,(o (PCA) ((. (LSI NT) (0 2)) (x (PCA INDEPENDENT) ((. (LSI NT) (0 1)) (. (LSI NT) (1 2)))))),0
EBT,HYBRID,none,VSM,LSI,GLOBAL,SUM,PCA,0.8261707075767187,0.7122744778890899,277.3674033149171,(o (PCA) ((. (VSM NT) (0 2)) (x (SUM GLOBAL) ((. (LSI NT) (0 1)) (. (LSI NT) (1 2)))))),0
EBT,HYBRID,none,VSM,LSI,GLOBAL,SUM,SUM,0.8472245678782782,0.7036777011072648,285.6546961325967,(o (SUM) ((. (VSM NT) (0 2)) (x (SUM GLOBAL) ((. (LSI NT) (0 1)) (. (LSI NT) (1 2)))))),0
EBT,HYBRID,none,VSM,LSI,GLOBAL,SUM,MAX,0.8171647433438594,0.6903722786425498,299.9318600368324,(o (MAX) ((. (VSM NT) (0 2)) (x (SUM GLOBAL) ((. (LSI NT) (0 1)) (. (LSI NT) (1 2)))))),0
EBT,HYBRID,none,VSM,LSI,GLOBAL,PCA,PCA,0.8216410974326283,0.6415755408327793,345.5211786372008,(o (PCA) ((. (VSM NT) (0 2)) (x (PCA GLOBAL) ((. (LSI NT) (0 1)) (. (LSI NT) (1 2)))))),0
EBT,HYBRID,none,VSM,LSI,INDEPENDENT,PCA,SUM,0.8282072183259974,0.6551727761093663,332.4134438305709,(o (SUM) ((. (VSM NT) (0 2)) (x (PCA INDEPENDENT) ((. (LSI NT) (0 1)) (. (LSI NT) (1 2)))))),0
EBT,HYBRID,none,VSM,LSI,INDEPENDENT,PCA,MAX,0.8075523371754556,0.6355764234351956,351.1086556169429,(o (MAX) ((. (VSM NT) (0 2)) (x (PCA INDEPENDENT) ((. (LSI NT) (0 1)) (. (LSI NT) (1 2)))))),0
EBT,HYBRID,none,VSM,LSI,GLOBAL,MAX,PCA,0.8006024566173472,0.710677387802511,278.9069981583794,(o (PCA) ((. (VSM NT) (0 2)) (x (MAX GLOBAL) ((. (LSI NT) (0 1)) (. (LSI NT) (1 2)))))),0
EBT,HYBRID,none,VSM,VSM,GLOBAL,SUM,SUM,0.8375710674923839,0.738847114921712,251.7513812154696,(o (SUM) ((. (VSM NT) (0 2)) (x (SUM GLOBAL) ((. (VSM NT) (0 1)) (. (VSM NT) (1 2)))))),0
EBT,HYBRID,none,VSM,VSM,GLOBAL,SUM,MAX,0.8147756500646982,0.7227749631293795,273.97237569060775,(o (MAX) ((. (VSM NT) (0 2)) (x (SUM GLOBAL) ((. (VSM NT) (0 1)) (. (VSM NT) (1 2)))))),0
EBT,HYBRID,none,VSM,VSM,GLOBAL,MAX,PCA,0.8040758875592322,0.7297870673910883,260.4852670349908,(o (PCA) ((. (VSM NT) (0 2)) (x (MAX GLOBAL) ((. (VSM NT) (0 1)) (. (VSM NT) (1 2)))))),0
EBT,HYBRID,none,VSM,VSM,INDEPENDENT,PCA,PCA,0.807560487393066,0.720342075300123,269.5902394106814,(o (PCA) ((. (VSM NT) (0 2)) (x (PCA INDEPENDENT) ((. (VSM NT) (0 1)) (. (VSM NT) (1 2)))))),0
EBT,HYBRID,none,VSM,VSM,INDEPENDENT,SUM,MAX,0.8147756500646982,0.7227749631293795,273.97237569060775,(o (MAX) ((. (VSM NT) (0 2)) (x (SUM INDEPENDENT) ((. (VSM NT) (0 1)) (. (VSM NT) (1 2)))))),0
EBT,HYBRID,none,VSM,LSI,GLOBAL,MAX,SUM,0.8058247445105103,0.6995818145694352,289.60313075506446,(o (SUM) ((. (VSM NT) (0 2)) (x (MAX GLOBAL) ((. (LSI NT) (0 1)) (. (LSI NT) (1 2)))))),0
EBT,HYBRID,none,LSI,LSI,INDEPENDENT,SUM,MAX,0.8150750070480461,0.6952891573630438,293.74125230202577,(o (MAX) ((. (LSI NT) (0 2)) (x (SUM INDEPENDENT) ((. (LSI NT) (0 1)) (. (LSI NT) (1 2)))))),0
EBT,HYBRID,none,VSM,LSI,GLOBAL,PCA,MAX,0.8045241088354788,0.6158019264421569,369.8489871086556,(o (MAX) ((. (VSM NT) (0 2)) (x (PCA GLOBAL) ((. (LSI NT) (0 1)) (. (LSI NT) (1 2)))))),0
WARC,HYBRID,none,LSI,VSM,GLOBAL,MAX,SUM,0.729712353713457,0.86971989911058,109.04444444444444,(o (SUM) ((. (LSI NT) (0 2)) (x (MAX GLOBAL) ((. (VSM NT) (0 1)) (. (VSM NT) (1 2)))))),0
WARC,HYBRID,none,VSM,VSM,GLOBAL,MAX,PCA,0.7162649349613286,0.8746050710208416,104.95555555555556,(o (PCA) ((. (VSM NT) (0 2)) (x (MAX GLOBAL) ((. (VSM NT) (0 1)) (. (VSM NT) (1 2)))))),0
WARC,HYBRID,none,VSM,LSI,GLOBAL,PCA,PCA,0.7290559782502104,0.8644364794902429,113.46666666666668,(o (PCA) ((. (VSM NT) (0 2)) (x (PCA GLOBAL) ((. (LSI NT) (0 1)) (. (LSI NT) (1 2)))))),0
WARC,HYBRID,none,LSI,LSI,GLOBAL,SUM,SUM,0.6384572498866561,0.8273463427585291,144.51111111111112,(o (SUM) ((. (LSI NT) (0 2)) (x (SUM GLOBAL) ((. (LSI NT) (0 1)) (. (LSI NT) (1 2)))))),0
WARC,HYBRID,none,LSI,VSM,GLOBAL,MAX,PCA,0.6847394251530067,0.8335059073410328,139.35555555555555,(o (PCA) ((. (LSI NT) (0 2)) (x (MAX GLOBAL) ((. (VSM NT) (0 1)) (. (VSM NT) (1 2)))))),0
WARC,HYBRID,none,LSI,LSI,INDEPENDENT,SUM,MAX,0.6032416287400033,0.8083897517589274,160.37777777777777,(o (MAX) ((. (LSI NT) (0 2)) (x (SUM INDEPENDENT) ((. (LSI NT) (0 1)) (. (LSI NT) (1 2)))))),0
WARC,HYBRID,none,LSI,VSM,GLOBAL,PCA,SUM,0.7072271287824416,0.8544537368910129,121.82222222222222,(o (SUM) ((. (LSI NT) (0 2)) (x (PCA GLOBAL) ((. (VSM NT) (0 1)) (. (VSM NT) (1 2)))))),0
WARC,HYBRID,none,VSM,LSI,GLOBAL,MAX,MAX,0.7163434211296613,0.8782689499535378,101.88888888888889,(o (MAX) ((. (VSM NT) (0 2)) (x (MAX GLOBAL) ((. (LSI NT) (0 1)) (. (LSI NT) (1 2)))))),0
WARC,HYBRID,none,VSM,VSM,INDEPENDENT,PCA,SUM,0.7232874447351884,0.8746050710208416,104.95555555555556,(o (SUM) ((. (VSM NT) (0 2)) (x (PCA INDEPENDENT) ((. (VSM NT) (0 1)) (. (VSM NT) (1 2)))))),0
WARC,HYBRID,none,VSM,VSM,INDEPENDENT,PCA,MAX,0.7206791876669696,0.8654984733837782,110.75555555555556,(o (MAX) ((. (VSM NT) (0 2)) (x (PCA INDEPENDENT) ((. (VSM NT) (0 1)) (. (VSM NT) (1 2)))))),0
WARC,HYBRID,none,VSM,VSM,INDEPENDENT,SUM,PCA,0.6962290120129662,0.8695340501792115,109.2,(o (PCA) ((. (VSM NT) (0 2)) (x (SUM INDEPENDENT) ((. (VSM NT) (0 1)) (. (VSM NT) (1 2)))))),0
WARC,HYBRID,none,VSM,VSM,INDEPENDENT,SUM,SUM,0.7251434849864569,0.88854374087349,93.28888888888888,(o (SUM) ((. (VSM NT) (0 2)) (x (SUM INDEPENDENT) ((. (VSM NT) (0 1)) (. (VSM NT) (1 2)))))),0
WARC,HYBRID,none,VSM,LSI,INDEPENDENT,PCA,PCA,0.7290559782502104,0.8651002256737024,112.91111111111113,(o (PCA) ((. (VSM NT) (0 2)) (x (PCA INDEPENDENT) ((. (LSI NT) (0 1)) (. (LSI NT) (1 2)))))),0
WARC,HYBRID,none,VSM,VSM,INDEPENDENT,MAX,PCA,0.7162649349613286,0.8746050710208416,104.95555555555556,(o (PCA) ((. (VSM NT) (0 2)) (x (MAX INDEPENDENT) ((. (VSM NT) (0 1)) (. (VSM NT) (1 2)))))),0
WARC,HYBRID,none,VSM,VSM,INDEPENDENT,MAX,SUM,0.749165925499848,0.8939864595778575,88.73333333333333,(o (SUM) ((. (VSM NT) (0 2)) (x (MAX INDEPENDENT) ((. (VSM NT) (0 1)) (. (VSM NT) (1 2)))))),0
WARC,HYBRID,none,VSM,VSM,INDEPENDENT,MAX,MAX,0.7292596882613462,0.8910659763706359,91.17777777777778,(o (MAX) ((. (VSM NT) (0 2)) (x (MAX INDEPENDENT) ((. (VSM NT) (0 1)) (. (VSM NT) (1 2)))))),0
WARC,HYBRID,none,LSI,VSM,GLOBAL,MAX,MAX,0.7116840986417402,0.8772600557546794,102.73333333333332,(o (MAX) ((. (LSI NT) (0 2)) (x (MAX GLOBAL) ((. (VSM NT) (0 1)) (. (VSM NT) (1 2)))))),0
WARC,HYBRID,none,LSI,LSI,INDEPENDENT,SUM,SUM,0.6384572498866561,0.8270011947431303,144.8,(o (SUM) ((. (LSI NT) (0 2)) (x (SUM INDEPENDENT) ((. (LSI NT) (0 1)) (. (LSI NT) (1 2)))))),0
WARC,HYBRID,none,LSI,LSI,INDEPENDENT,SUM,PCA,0.6302247867040478,0.8237621133678481,147.51111111111112,(o (PCA) ((. (LSI NT) (0 2)) (x (SUM INDEPENDENT) ((. (LSI NT) (0 1)) (. (LSI NT) (1 2)))))),0
WARC,HYBRID,none,LSI,LSI,INDEPENDENT,PCA,MAX,0.6844404685625678,0.8355767954334263,137.62222222222223,(o (MAX) ((. (LSI NT) (0 2)) (x (PCA INDEPENDENT) ((. (LSI NT) (0 1)) (. (LSI NT) (1 2)))))),0
WARC,HYBRID,none,LSI,LSI,GLOBAL,SUM,PCA,0.6307115197985396,0.8243727598566308,147.0,(o (PCA) ((. (LSI NT) (0 2)) (x (SUM GLOBAL) ((. (LSI NT) (0 1)) (. (LSI NT) (1 2)))))),0
WARC,HYBRID,none,LSI,VSM,INDEPENDENT,PCA,PCA,0.6791738236216915,0.8291251825302005,143.0222222222222,(o (PCA) ((. (LSI NT) (0 2)) (x (PCA INDEPENDENT) ((. (VSM NT) (0 1)) (. (VSM NT) (1 2)))))),0
WARC,HYBRID,none,LSI,LSI,GLOBAL,PCA,MAX,0.683880432720274,0.833930704898447,139.0,(o (MAX) ((. (LSI NT) (0 2)) (x (PCA GLOBAL) ((. (LSI NT) (0 1)) (. (LSI NT) (1 2)))))),0
WARC,HYBRID,none,LSI,LSI,GLOBAL,PCA,PCA,0.6779831356863768,0.8325766626841896,140.13333333333333,(o (PCA) ((. (LSI NT) (0 2)) (x (PCA GLOBAL) ((. (LSI NT) (0 1)) (. (LSI NT) (1 2)))))),0
WARC,DIRECT,direct,LSI,,,,,0.6339562837276822,0.8000000000000002,167.4,(. (LSI NT) (0 2)),0
WARC,DIRECT,direct,VSM,,,,,0.6741781544633663,0.8354971458914111,134.7111111111111,(. (VSM NT) (0 2)),0
WARC,TRANSITIVE,none,,LSI,INDEPENDENT,PCA,,0.5851337700912771,0.7870967741935483,178.2,(x (PCA INDEPENDENT) ((. (LSI NT) (0 1)) (. (LSI NT) (1 2)))),0
WARC,TRANSITIVE,none,,LSI,GLOBAL,MAX,,0.6253071488606764,0.8686579052170451,109.93333333333334,(x (MAX GLOBAL) ((. (LSI NT) (0 1)) (. (LSI NT) (1 2)))),0
WARC,TRANSITIVE,none,,VSM,GLOBAL,MAX,,0.6166420290651156,0.8886499402628435,93.2,(x (MAX GLOBAL) ((. (VSM NT) (0 1)) (. (VSM NT) (1 2)))),0
WARC,TRANSITIVE,none,,VSM,GLOBAL,SUM,,0.620755176497896,0.8854108588875613,95.91111111111113,(x (SUM GLOBAL) ((. (VSM NT) (0 1)) (. (VSM NT) (1 2)))),0
WARC,TRANSITIVE,none,,VSM,GLOBAL,PCA,,0.5627754987239055,0.8524093986459578,123.53333333333332,(x (PCA GLOBAL) ((. (VSM NT) (0 1)) (. (VSM NT) (1 2)))),0
WARC,TRANSITIVE,none,,VSM,INDEPENDENT,SUM,,0.620755176497896,0.8854108588875613,95.91111111111113,(x (SUM INDEPENDENT) ((. (VSM NT) (0 1)) (. (VSM NT) (1 2)))),0
WARC,TRANSITIVE,none,,VSM,INDEPENDENT,PCA,,0.5627754987239055,0.8524093986459578,123.53333333333332,(x (PCA INDEPENDENT) ((. (VSM NT) (0 1)) (. (VSM NT) (1 2)))),0
WARC,TRANSITIVE,none,,VSM,INDEPENDENT,MAX,,0.6166420290651156,0.8886499402628435,93.2,(x (MAX INDEPENDENT) ((. (VSM NT) (0 1)) (. (VSM NT) (1 2)))),0
WARC,TRANSITIVE,none,,LSI,GLOBAL,SUM,,0.3869215979804333,0.7568830479224744,203.48888888888888,(x (SUM GLOBAL) ((. (LSI NT) (0 1)) (. (LSI NT) (1 2)))),0
WARC,TRANSITIVE,none,,LSI,GLOBAL,PCA,,0.5853116360201511,0.7851320854905084,179.84444444444443,(x (PCA GLOBAL) ((. (LSI NT) (0 1)) (. (LSI NT) (1 2)))),0
WARC,TRANSITIVE,none,,LSI,INDEPENDENT,MAX,,0.6254036439592046,0.8671976636134342,111.15555555555557,(x (MAX INDEPENDENT) ((. (LSI NT) (0 1)) (. (LSI NT) (1 2)))),0
WARC,TRANSITIVE,none,,LSI,INDEPENDENT,SUM,,0.3869215979804333,0.758051241205363,202.51111111111112,(x (SUM INDEPENDENT) ((. (LSI NT) (0 1)) (. (LSI NT) (1 2)))),0
WARC,HYBRID,none,LSI,LSI,INDEPENDENT,MAX,SUM,0.7169707901357838,0.8646754281162883,113.26666666666668,(o (SUM) ((. (LSI NT) (0 2)) (x (MAX INDEPENDENT) ((. (LSI NT) (0 1)) (. (LSI NT) (1 2)))))),0
WARC,HYBRID,none,LSI,LSI,GLOBAL,SUM,MAX,0.6032416287400033,0.8091331474844019,159.75555555555556,(o (MAX) ((. (LSI NT) (0 2)) (x (SUM GLOBAL) ((. (LSI NT) (0 1)) (. (LSI NT) (1 2)))))),0
WARC,HYBRID,none,LSI,LSI,INDEPENDENT,MAX,MAX,0.6990622271822049,0.8689234036904288,109.71111111111112,(o (MAX) ((. (LSI NT) (0 2)) (x (MAX INDEPENDENT) ((. (LSI NT) (0 1)) (. (LSI NT) (1 2)))))),0
WARC,HYBRID,none,LSI,LSI,GLOBAL,PCA,SUM,0.701369915092638,0.8396123722288596,134.24444444444444,(o (SUM) ((. (LSI NT) (0 2)) (x (PCA GLOBAL) ((. (LSI NT) (0 1)) (. (LSI NT) (1 2)))))),0
WARC,HYBRID,none,LSI,VSM,INDEPENDENT,PCA,SUM,0.7072271287824416,0.8544537368910129,121.82222222222222,(o (SUM) ((. (LSI NT) (0 2)) (x (PCA INDEPENDENT) ((. (VSM NT) (0 1)) (. (VSM NT) (1 2)))))),0
WARC,HYBRID,none,LSI,VSM,INDEPENDENT,PCA,MAX,0.6956594294127811,0.8544271870436745,121.84444444444443,(o (MAX) ((. (LSI NT) (0 2)) (x (PCA INDEPENDENT) ((. (VSM NT) (0 1)) (. (VSM NT) (1 2)))))),0
WARC,HYBRID,none,LSI,VSM,INDEPENDENT,SUM,PCA,0.6619294608498019,0.8278773397052966,144.06666666666666,(o (PCA) ((. (LSI NT) (0 2)) (x (SUM INDEPENDENT) ((. (VSM NT) (0 1)) (. (VSM NT) (1 2)))))),0
WARC,HYBRID,none,VSM,VSM,INDEPENDENT,PCA,PCA,0.7086419492543528,0.862551440329218,115.04444444444444,(o (PCA) ((. (VSM NT) (0 2)) (x (PCA INDEPENDENT) ((. (VSM NT) (0 1)) (. (VSM NT) (1 2)))))),0
WARC,HYBRID,none,VSM,VSM,INDEPENDENT,SUM,MAX,0.7213271005933344,0.8909066772866057,91.31111111111112,(o (MAX) ((. (VSM NT) (0 2)) (x (SUM INDEPENDENT) ((. (VSM NT) (0 1)) (. (VSM NT) (1 2)))))),0
WARC,HYBRID,none,VSM,LSI,GLOBAL,MAX,SUM,0.7215875626613968,0.8840302668259657,97.06666666666666,(o (SUM) ((. (VSM NT) (0 2)) (x (MAX GLOBAL) ((. (LSI NT) (0 1)) (. (LSI NT) (1 2)))))),0
WARC,HYBRID,none,VSM,LSI,INDEPENDENT,MAX,SUM,0.7226752380697244,0.8832868711004912,97.68888888888888,(o (SUM) ((. (VSM NT) (0 2)) (x (MAX INDEPENDENT) ((. (LSI NT) (0 1)) (. (LSI NT) (1 2)))))),0
WARC,HYBRID,none,VSM,LSI,GLOBAL,MAX,PCA,0.7225193546525068,0.8765963095712199,103.28888888888888,(o (PCA) ((. (VSM NT) (0 2)) (x (MAX GLOBAL) ((. (LSI NT) (0 1)) (. (LSI NT) (1 2)))))),0
WARC,HYBRID,none,VSM,LSI,INDEPENDENT,PCA,MAX,0.7075384517592436,0.8493827160493828,126.06666666666666,(o (MAX) ((. (VSM NT) (0 2)) (x (PCA INDEPENDENT) ((. (LSI NT) (0 1)) (. (LSI NT) (1 2)))))),0
WARC,HYBRID,none,VSM,LSI,INDEPENDENT,SUM,PCA,0.6845867914314505,0.8487720695606,126.57777777777778,(o (PCA) ((. (VSM NT) (0 2)) (x (SUM INDEPENDENT) ((. (LSI NT) (0 1)) (. (LSI NT) (1 2)))))),0
WARC,HYBRID,none,VSM,LSI,INDEPENDENT,SUM,SUM,0.6649243553952476,0.8450019912385504,129.73333333333332,(o (SUM) ((. (VSM NT) (0 2)) (x (SUM INDEPENDENT) ((. (LSI NT) (0 1)) (. (LSI NT) (1 2)))))),0
WARC,HYBRID,none,VSM,LSI,INDEPENDENT,SUM,MAX,0.6604888173596849,0.8329483605469269,138.55555555555554,(o (MAX) ((. (VSM NT) (0 2)) (x (SUM INDEPENDENT) ((. (LSI NT) (0 1)) (. (LSI NT) (1 2)))))),0
WARC,HYBRID,none,VSM,LSI,INDEPENDENT,MAX,PCA,0.7217182249543183,0.8764635603345281,103.4,(o (PCA) ((. (VSM NT) (0 2)) (x (MAX INDEPENDENT) ((. (LSI NT) (0 1)) (. (LSI NT) (1 2)))))),0
WARC,HYBRID,none,VSM,LSI,INDEPENDENT,PCA,SUM,0.7260834475919723,0.8550643833797955,121.31111111111112,(o (SUM) ((. (VSM NT) (0 2)) (x (PCA INDEPENDENT) ((. (LSI NT) (0 1)) (. (LSI NT) (1 2)))))),0
WARC,HYBRID,none,VSM,LSI,INDEPENDENT,MAX,MAX,0.7161792508851178,0.877445904686048,102.57777777777778,(o (MAX) ((. (VSM NT) (0 2)) (x (MAX INDEPENDENT) ((. (LSI NT) (0 1)) (. (LSI NT) (1 2)))))),0
WARC,HYBRID,none,VSM,LSI,GLOBAL,PCA,SUM,0.728274787837748,0.8542944378069826,121.95555555555556,(o (SUM) ((. (VSM NT) (0 2)) (x (PCA GLOBAL) ((. (LSI NT) (0 1)) (. (LSI NT) (1 2)))))),0
WARC,HYBRID,none,VSM,LSI,GLOBAL,PCA,MAX,0.7061133955206793,0.8474711270410195,127.66666666666669,(o (MAX) ((. (VSM NT) (0 2)) (x (PCA GLOBAL) ((. (LSI NT) (0 1)) (. (LSI NT) (1 2)))))),0
WARC,HYBRID,none,VSM,LSI,GLOBAL,SUM,PCA,0.6845867914314505,0.8492765166600291,126.15555555555557,(o (PCA) ((. (VSM NT) (0 2)) (x (SUM GLOBAL) ((. (LSI NT) (0 1)) (. (LSI NT) (1 2)))))),0
WARC,HYBRID,none,VSM,LSI,GLOBAL,SUM,SUM,0.6649243553952476,0.8452143900172574,129.55555555555554,(o (SUM) ((. (VSM NT) (0 2)) (x (SUM GLOBAL) ((. (LSI NT) (0 1)) (. (LSI NT) (1 2)))))),0
WARC,HYBRID,none,VSM,LSI,GLOBAL,SUM,MAX,0.6604888173596849,0.83371830611974,138.13333333333333,(o (MAX) ((. (VSM NT) (0 2)) (x (SUM GLOBAL) ((. (LSI NT) (0 1)) (. (LSI NT) (1 2)))))),0
WARC,HYBRID,none,VSM,VSM,GLOBAL,SUM,MAX,0.7213271005933344,0.8909066772866057,91.31111111111112,(o (MAX) ((. (VSM NT) (0 2)) (x (SUM GLOBAL) ((. (VSM NT) (0 1)) (. (VSM NT) (1 2)))))),0
WARC,HYBRID,none,VSM,VSM,GLOBAL,SUM,SUM,0.7251434849864569,0.88854374087349,93.28888888888888,(o (SUM) ((. (VSM NT) (0 2)) (x (SUM GLOBAL) ((. (VSM NT) (0 1)) (. (VSM NT) (1 2)))))),0
WARC,HYBRID,none,VSM,VSM,GLOBAL,SUM,PCA,0.6962290120129662,0.8695340501792115,109.2,(o (PCA) ((. (VSM NT) (0 2)) (x (SUM GLOBAL) ((. (VSM NT) (0 1)) (. (VSM NT) (1 2)))))),0
WARC,HYBRID,none,VSM,VSM,GLOBAL,PCA,SUM,0.7232874447351884,0.8746050710208416,104.95555555555556,(o (SUM) ((. (VSM NT) (0 2)) (x (PCA GLOBAL) ((. (VSM NT) (0 1)) (. (VSM NT) (1 2)))))),0
WARC,HYBRID,none,LSI,VSM,INDEPENDENT,SUM,SUM,0.7104964553935826,0.8629231381919554,114.73333333333332,(o (SUM) ((. (LSI NT) (0 2)) (x (SUM INDEPENDENT) ((. (VSM NT) (0 1)) (. (VSM NT) (1 2)))))),0
WARC,HYBRID,none,LSI,VSM,INDEPENDENT,SUM,MAX,0.6989154589641767,0.8705960440727467,108.31111111111112,(o (MAX) ((. (LSI NT) (0 2)) (x (SUM INDEPENDENT) ((. (VSM NT) (0 1)) (. (VSM NT) (1 2)))))),0
WARC,HYBRID,none,LSI,VSM,INDEPENDENT,MAX,PCA,0.6847394251530067,0.8335059073410328,139.35555555555555,(o (PCA) ((. (LSI NT) (0 2)) (x (MAX INDEPENDENT) ((. (VSM NT) (0 1)) (. (VSM NT) (1 2)))))),0
WARC,HYBRID,none,LSI,VSM,INDEPENDENT,MAX,SUM,0.729712353713457,0.86971989911058,109.04444444444444,(o (SUM) ((. (LSI NT) (0 2)) (x (MAX INDEPENDENT) ((. (VSM NT) (0 1)) (. (VSM NT) (1 2)))))),0
WARC,HYBRID,none,LSI,VSM,INDEPENDENT,MAX,MAX,0.7116840986417402,0.8772600557546794,102.73333333333332,(o (MAX) ((. (LSI NT) (0 2)) (x (MAX INDEPENDENT) ((. (VSM NT) (0 1)) (. (VSM NT) (1 2)))))),0
WARC,HYBRID,none,LSI,VSM,GLOBAL,PCA,PCA,0.6791738236216915,0.8291251825302005,143.0222222222222,(o (PCA) ((. (LSI NT) (0 2)) (x (PCA GLOBAL) ((. (VSM NT) (0 1)) (. (VSM NT) (1 2)))))),0
WARC,HYBRID,none,VSM,VSM,GLOBAL,MAX,SUM,0.749165925499848,0.8939864595778575,88.73333333333333,(o (SUM) ((. (VSM NT) (0 2)) (x (MAX GLOBAL) ((. (VSM NT) (0 1)) (. (VSM NT) (1 2)))))),0
WARC,HYBRID,none,LSI,VSM,GLOBAL,PCA,MAX,0.6956594294127811,0.8544271870436745,121.84444444444443,(o (MAX) ((. (LSI NT) (0 2)) (x (PCA GLOBAL) ((. (VSM NT) (0 1)) (. (VSM NT) (1 2)))))),0
WARC,HYBRID,none,VSM,VSM,GLOBAL,PCA,MAX,0.7206791876669696,0.8654984733837782,110.75555555555556,(o (MAX) ((. (VSM NT) (0 2)) (x (PCA GLOBAL) ((. (VSM NT) (0 1)) (. (VSM NT) (1 2)))))),0
WARC,HYBRID,none,LSI,VSM,GLOBAL,SUM,PCA,0.6619294608498019,0.8278773397052966,144.06666666666666,(o (PCA) ((. (LSI NT) (0 2)) (x (SUM GLOBAL) ((. (VSM NT) (0 1)) (. (VSM NT) (1 2)))))),0
WARC,HYBRID,none,LSI,VSM,GLOBAL,SUM,MAX,0.6989154589641767,0.8705960440727467,108.31111111111112,(o (MAX) ((. (LSI NT) (0 2)) (x (SUM GLOBAL) ((. (VSM NT) (0 1)) (. (VSM NT) (1 2)))))),0
WARC,HYBRID,none,LSI,LSI,GLOBAL,MAX,MAX,0.6982968006786319,0.8694013009425196,109.31111111111112,(o (MAX) ((. (LSI NT) (0 2)) (x (MAX GLOBAL) ((. (LSI NT) (0 1)) (. (LSI NT) (1 2)))))),0
WARC,HYBRID,none,LSI,LSI,GLOBAL,MAX,SUM,0.7169319962091222,0.8649674764370104,113.02222222222224,(o (SUM) ((. (LSI NT) (0 2)) (x (MAX GLOBAL) ((. (LSI NT) (0 1)) (. (LSI NT) (1 2)))))),0
WARC,HYBRID,none,LSI,LSI,GLOBAL,MAX,PCA,0.6916395849978251,0.8364794902429311,136.86666666666667,(o (PCA) ((. (LSI NT) (0 2)) (x (MAX GLOBAL) ((. (LSI NT) (0 1)) (. (LSI NT) (1 2)))))),0
WARC,HYBRID,none,LSI,LSI,INDEPENDENT,MAX,PCA,0.6916395849978251,0.8363467410062392,136.9777777777778,(o (PCA) ((. (LSI NT) (0 2)) (x (MAX INDEPENDENT) ((. (LSI NT) (0 1)) (. (LSI NT) (1 2)))))),0
WARC,HYBRID,none,LSI,LSI,INDEPENDENT,PCA,PCA,0.6778571276218608,0.8327359617682198,140.0,(o (PCA) ((. (LSI NT) (0 2)) (x (PCA INDEPENDENT) ((. (LSI NT) (0 1)) (. (LSI NT) (1 2)))))),0
WARC,HYBRID,none,LSI,LSI,INDEPENDENT,PCA,SUM,0.7015622227849457,0.8404354174963493,133.55555555555554,(o (SUM) ((. (LSI NT) (0 2)) (x (PCA INDEPENDENT) ((. (LSI NT) (0 1)) (. (LSI NT) (1 2)))))),0
WARC,HYBRID,none,VSM,VSM,GLOBAL,PCA,PCA,0.7086419492543528,0.862551440329218,115.04444444444444,(o (PCA) ((. (VSM NT) (0 2)) (x (PCA GLOBAL) ((. (VSM NT) (0 1)) (. (VSM NT) (1 2)))))),0
WARC,HYBRID,none,LSI,VSM,GLOBAL,SUM,SUM,0.7104964553935826,0.8629231381919554,114.73333333333332,(o (SUM) ((. (LSI NT) (0 2)) (x (SUM GLOBAL) ((. (VSM NT) (0 1)) (. (VSM NT) (1 2)))))),0
WARC,HYBRID,none,VSM,VSM,GLOBAL,MAX,MAX,0.7292596882613462,0.8910659763706359,91.17777777777778,(o (MAX) ((. (VSM NT) (0 2)) (x (MAX GLOBAL) ((. (VSM NT) (0 1)) (. (VSM NT) (1 2)))))),0
